PK_CLIENTES;customer_key;customer;business_family_name;business_unit;customer_type;division;line_of_business;phone;region_code;regional_sales_mgr;search_type
8961d13349289c7cbf7f6cefc0a0fc16ac247fd0db051772592b657ec2811a07;10020393;Minneapolis Supermarket;R3;1;G2;2;Nao informado;816-455-8733;1;S1;C
82273dc32198197590de083bbda3a282835ac5ed593be33dbac2b55cdaf709a0;10013238;Gastown Store;R1;1;G2;2;Nao informado;816-455-8733;4;S11;C
faf0d2a9c6e7d4aa2f995e546d3fc56ecd7d981d93f541ac6513baaaa59b0a95;10010887;Edia Shop;R3;1;G3;1;Nao informado;816-455-8733;0;S5;C
ac9decb79f74bbd87ae70985e08e74675a655efafe42d79187d2f70ceb9da32e;10004245;Bens Megaplace;R2;1;G2;2;Nao informado;816-455-8733;1;S3;C
4bc6eff618cc579398f467635c0d5283a90b254979dc5214c6d134ce814428d2;10023241;Revnet Market;R1;1;G2;2;Nao informado;816-455-8733;2;S11;C
fc836d7ca208f2db9c8eaf9be15cb5bc7e023c3200851d4f51e38d8e2b6c5ca8;10022167;Quallaby Megaplace;R3;1;G1;1;M1;816-455-8733;5;S16;C
a816907f00476bc0d0fa5918dd6b0d99b7d272326d851e5090ea5d0160cb89be;10026009;Vectrix Shop;R3;1;G1;1;M1;816-455-8733;5;S18;C
bc8f1a4bdc2ab148389dad13447677cc704148f29f723d5694ec3604373abb2d;10019879;Litton Shop;R3;1;G2;2;Nao informado;816-455-8733;2;S1;C
b213fcd5dcf1f7b8b8f341de62306d7348b07743e3c5c3dab8e39d5a65a3cae5;10018868;Karickal Store;R3;1;G1;1;M1;816-455-8733;5;S19;C
77cbfcf45353e06f303fbf02c59c9ddb187ca6ffbf70cafb7bb1910e4bce0d54;10014540;HarveyOpolis Shop;R3;1;G1;1;M1;816-455-8733;5;S16;C
2e3f4f26a515727967d6259e3a021c347278e7d0a2cc8cd98c29aae2c152461f;10015275;Helios Shop;R3;1;G2;2;Nao informado;816-455-8733;4;S16;C
eedb87814f2e4e32e6a206f7657187c0d563cb2b0707b520cc32e140d0ff5b8f;10024541;Southern Supermarket;R3;1;G2;2;Nao informado;816-455-8733;4;S9;C
cb60b1123eb0c79fbaa79363ccd7d4eb27cfe8e03335507ffa0f49aa02b307f0;10021145;Pacel Shop;R2;1;G2;2;Nao informado;816-455-8733;2;S5;C
3acd61e953a3df7f9039a3ff33c1de347310c2142207374f822934d34c6da1e1;10008593;Capitola Market;R2;1;G2;2;Nao informado;816-455-8733;4;S5;C
54dfbe7e1d44c6e9213849bc4c619e09f234401c02e5c7801f5d613cd6775692;10027119;Yurie Market;R3;1;G2;1;Nao informado;816-455-8733;5;S16;C
4be796ade8ccb30f3453e7ad21835fe63eb37c903a0edd80a315c9e79b735900;10014810;Healtheon Shop;O1;1;G2;2;Nao informado;816-455-8733;4;S5;C
5444e7e7d60422181845a2d00219418509179f248cb20da21dcf521aca8f51ca;10002746;Active Supermarket;R3;1;G2;2;Nao informado;816-455-8733;4;S9;C
47a81566e33b16ee773f4e02fe35f3f37cca874fc350bfe0f493a4494ed24eac;10020662;Nematron Shop;R3;1;G1;1;M1;816-455-8733;5;S19;C
3dbf85d1ece3faf8b7ed6b53a2445e460370fea8a7597d72cc5e3927e5428ccd;10015011;Hederman Supermarket;R3;1;G1;1;M1;816-455-8733;5;S19;C
7b312639e94edeefc0b9c6f6eb0808429bdad005265721f3293752f075314109;10020909;Onestar Shop;O1;1;G2;2;Nao informado;816-455-8733;4;S5;C
51a571b7a9624cf7d7516643a4209e18dd4abd88f87683085dd8d845ead82467;10026299;Watcom Maxistore;R3;1;G2;2;Nao informado;816-455-8733;2;S16;C
06df8a3ec74598ce61f682ca3f2faa7a57a7ca4551e8d5793892762e471f7cb4;10026522;XCOM Shop;R3;1;G2;2;Nao informado;816-455-8733;4;S16;C
2fadd48db3985c95210a0623504f36078f4b661f080ab4299890b533c46e28ee;10008596;Capitolnet Supermarket;R4;1;G2;2;Nao informado;816-455-8733;2;S18;C
67507f4c9fb9bef271820f0b875b4d4b397b364ce8aedaecd529cb21e81fb1f1;10019150;Kentucky Supermarket;O2;1;G2;2;Nao informado;816-455-8733;2;S12;C
9e2da265f10402693e92c896e3c358a5a69cabec10dcab6c688880b7c4226e41;10021470;Papyrus Supermarket;R3;1;G2;2;Nao informado;816-455-8733;3;S16;C
a26d874d9b4b6c9682871da5d4d20503d13dad5fe7b2e7e03f5d9c3980540aa7;10012226;Fills;R3;1;G2;2;Nao informado;816-455-8733;4;S13;C
937bb0fc6b98884bbaadce84fb32feb9f0574e4ce6fff4ab2fd33b2eb5c42c47;10023785;Satyam Shop;R2;1;G2;2;Nao informado;816-455-8733;4;S5;C
6cf784817eef91f273625f0bf7b5885df195ba2b695519fb595f49f405182c00;10014264;Harbour Store;R3;1;G2;2;Nao informado;816-455-8733;4;S1;C
dfa56ebab179f8a9febb6755c6b23eb62a814828243f84099cc4ea99142d1a2c;10025252;Times Store;R3;1;G2;2;Nao informado;816-455-8733;4;S16;C
8b6aaeb4764b1909b53e9b2c90613f6ba778f645f189b8aac41bf190df09d618;10025288;Transylvania Supermarket;R3;1;G1;1;M1;816-455-8733;5;S19;C
f991ac649de347c9717db07a98ff8b9b9382a0f58c97b465bcb1a45b75e8a04f;10026078;Venred Shop;R3;1;G2;2;Nao informado;816-455-8733;4;S16;C
f83f388cef57fdeebda4448dd0397a1e36be3c5789e403e83a5d48e62e65b85c;10021911;PING Shop;R3;1;G1;2;M1;816-455-8733;2;S19;C
94875dcb8f65b17e70b800ce7d6dab421f5191af4f7837b5b12dc3ec54d11e40;10027050;Your Market;R3;1;G2;2;Nao informado;816-455-8733;4;S9;C
ebccbbba61d4eb5f3c61d87910b6deb349c05786a183873a5dc6266a117caf0f;10025778;Valicert Midstore;R3;1;G2;2;Nao informado;816-455-8733;1;S16;C
d3833f9cc1312164dfa26c375e36c944c47bf2666881897e9d93222e9493b5c5;10022423;Qwest Shop;R2;1;G2;2;Nao informado;816-455-8733;4;S5;C
386e4c1b83a5026391448a9e276df5327adea1965ce599489c33d45ee4d4f02d;10021179;Pacific Store;R3;1;G2;2;Nao informado;816-455-8733;1;S4;C
9139c31cbea40ab0dcfcf9700e85c1c49839fb9fe26827baea5eed71c589858a;10023447;RKS Shop;R3;1;G2;2;M1;816-455-8733;2;S16;C
5a4b8d32d15961362b5c79ffc8856101b4a19d91a5a48308b17444299fef0a89;10016303;HMR Shop;R1;1;G2;2;Nao informado;816-455-8733;3;S20;C
6d59e0431150337f0541d19c17eb46d6e3a6854e3dfa6d288958ad043388c781;10020445;N.Graphics Shop;R3;1;G2;2;Nao informado;816-455-8733;4;S16;C
e87595592cc285d6b20fa8be4a94d0d671befe3288487003d00c5b7db2561b32;10023511;Sage Supermarket;R1;1;G1;1;Nao informado;816-455-8733;5;S13;C
caa6598ec63e84123b66576cc3a206929d4795cbf451bc896d732a99a9f66f85;10017576;Illuminati Shop;R3;1;G2;2;Nao informado;816-455-8733;2;S16;C
68c001f3cf263d3efb08e8f33a5c34018f4c8d0add0797cedc8b1faf5e29ac47;10013472;GE Market;R3;1;G2;2;Nao informado;816-455-8733;4;S9;C
9693217d50d0c87e5194603494fd4f04b0bfe1d5734fd871bb2644b90871c84d;10025571;Unitec Maxistore;R3;1;G2;2;Nao informado;816-455-8733;4;S9;C
f9508d000cf272bb6caad8f2630fc663ef7f1fc4af1dca79a9e1d5d8b5078f3f;10009639;Data Supermarket;R3;1;G1;1;M1;816-455-8733;5;S19;C
f745833484cf5e46816abe45bdaeb4752e209c21f5c6c14209bfe6b94a6d8f5e;10021204;Pacific Store;R1;1;G3;1;Nao informado;816-455-8733;0;S4;C
d47d9487bfb71f1351ac6d25dd429f0d640e3285e7643b5161e8c09dbb4d5851;10020715;Old Store;O2;1;G1;1;Nao informado;816-455-8733;5;S1;C
937ed18463eabafe6df2b65f2a406ff750471153d0f3a94b41d174d5e224dc75;10009643;David Store;R3;1;G2;2;Nao informado;816-455-8733;4;S9;C
c893b490d0a5ff4f72a247419afa1ebabccb926d6212f6b09bd7edbfed224cc4;10009660;DDR Shop;R1;1;G2;2;Nao informado;816-455-8733;2;S22;C
564e58d9709efeda455c9f539a8de6c26c81949c8fb0531d690bb51136cb57be;10019880;Litton Supermarket;O2;1;G2;2;Nao informado;816-455-8733;3;S12;C
41c9867270fbff16da1bd7585ed4998cf8c5ae198785641c076546e27d0f9105;10022431;R&J Shop;R2;1;G2;2;Nao informado;816-455-8733;3;S11;C
e1586f8121ffc9723dabab10678db9d5d078aa24086503924c3e0bf1b10b4f65;10022252;Quantum Supermarket;R3;1;G2;2;Nao informado;816-455-8733;4;S9;C
9f1e202776c690f3d539fe4aabdf374e683e1ca064973de1ca629995261bbd98;10000601;Radio Market;R2;1;G2;2;Nao informado;816-455-8733;2;S5;C
1f6920ea10675c6d13d6894e887d0dcedc4ad2443cf5565a024e057851b61690;10014533;Harvey Shop;O2;1;G2;2;Nao informado;816-455-8733;4;S12;C
3e783d593434727ead2d6967eaf89bce03948c06e0bdfa2a8c5c4c8f906f0862;10006846;Bizmarts Shop;R3;1;G2;2;Nao informado;816-455-8733;1;S1;C
bc3142c216414e63bc2f05549188218ecdca35556903badf55d77d15f1877184;10025300;U.S. Market;R3;1;G2;2;Nao informado;816-455-8733;3;S1;C
e1febdad2930c09bb060bd76e4f98ca6eb4130e010a24123bf2c91bae9391248;10010884;EDC Supermarket;R3;1;G3;1;M1;816-455-8733;0;S5;C
7303ebd68206e2b266cb18e4b0519dbe96cb9f25dc4bd02c79e9aeb618e06d1f;10000462;a2i Shop;R3;1;G2;2;Nao informado;816-455-8733;4;S1;C
455d7d95a20a7f82a5a7b3cb1ec1d2855bb2be23ab1ef2e925750518684eb115;10009654;DCS Store;R3;1;G2;2;Nao informado;816-455-8733;2;S16;C
e2ca8e5de2c6d2d2b1f5a498a2782f4030041bd870615f1dd660a3c0b8f44bcc;10004302;Berkeley Supermarket;R3;1;G2;2;M1;816-455-8733;2;S1;C
43fc03cd780309efbc625359d31b28dc3e7f05d98a50f32576ab72dd6eda77b6;10019420;Keystroke Market;R3;1;G1;1;M1;816-455-8733;5;S19;C
3f8f2eb22dd932764ac42031014ff54d114f6badbe39fe28df84b9951de10cab;10021418;Panzl Shop;R3;1;G2;2;Nao informado;816-455-8733;1;S1;C
8f1543921527c867a74c08c8d199fc5aed9160e2144c0e71f0ff3c79354734e0;10023221;Reveal Supermarket;R3;1;G2;2;M1;816-455-8733;4;S16;C
aaaa3ee9b1a7f1011e1aab4c25319fc4287408d6ed95dbb0300f5bfc07bb9afa;10002969;activeDesign Shop;R3;1;G2;2;Nao informado;816-455-8733;3;S1;C
d41fc325c98183b3369a0348cbfb3789e817084de499c970869ddf492cce9535;10008134;Canter Shop;R3;1;G2;2;M1;816-455-8733;3;S16;C
e00e11e8246d4d3467152a36807a287f24a912439951d2c9a717241de1f1426d;10025238;Team Supermarket;R3;1;G2;2;Nao informado;816-455-8733;1;S4;C
2447948d541ecc0aa29770efc87fa4864732b9130d52f46cb0b4da7703de0395;10019942;LMAO superplace;R3;1;G2;2;Nao informado;816-455-8733;4;S16;C
887701080fb0b00483c5fc4e030de4441512582e8d559779366a2e14440fb218;10003795;Bechtel Supermarket;R3;1;G2;2;Nao informado;816-455-8733;2;S16;C
9a2389b5a8ea60bad0fd375da7e7a2c4d82bbf176b55d7277bb9d2eff77b8d6c;10025237;Team Supermarket;O2;1;G3;1;Nao informado;816-455-8733;0;S1;C
3cee58945b12338a2a0f6b98e91ac6bad90f26347a89f0270a6c528ad2f6a59e;10025575;United Market;R3;1;G3;1;Nao informado;816-455-8733;0;S5;C
f400a4fef8ee78789c59554153aaf313e5f9de6badaa45aeced4d4145d7789c4;10025284;Towmotor Supermarket;R3;1;G2;2;Nao informado;816-455-8733;1;S16;C
c62fadeef85b8011ff660fac73f2659f963f4a2de50f2d1dcba33361954775bd;10025246;TECC Shop;R3;1;G3;1;Nao informado;816-455-8733;0;S5;C
e614785d072aa5547568ccea915ab58389bbb636d6cd8736bf7f3ff39a34db13;10021911;Ping Shop;R3;1;G2;2;M1;816-455-8733;2;S16;C
2afe2f7f1d1894e89b2486049f435413ecb17d3a0253a21cffc45bdb47ed0c7a;10019665;Labatt Supermarket;R3;1;G2;2;M1;816-455-8733;4;S16;C
8955e62800cbedf26a927c474ee82ba2637be3ee40602ef2e2191a8d68ce0c2c;10007566;Cambio Shop;R2;1;G2;2;Nao informado;816-455-8733;4;S9;C
d6f214b0e49977ab687038e0d32f2777b6697557e93af74ee8af79ff83740718;10021415;Pantech Supermarket;R3;1;G2;2;Nao informado;816-455-8733;4;S1;C
97f328b390d828b59977f6d1dc83501f6c7b8c49c35ec8f424a052f38bf1cda6;10022450;R2J2 Shop;R3;1;G2;2;M1;816-455-8733;4;S16;C
ed6861f7d8913129c143f6ba5a0ccadd05799dc5cde923d5cd0a674050588917;10026348;WDND Shop;O1;1;G2;2;Nao informado;816-455-8733;2;S5;C
42527b31828546333e9ad02ce30274b1ec0973793218118147c391ece2940e1b;10009985;E Supermarket;R3;1;G2;2;M1;816-455-8733;1;S16;C
02ce17c7359ada5735ce2f1374e92d36dba593be6a2787e5fa1597e6364cd37d;10013765;Gemini Supermarket;R3;1;G2;2;Nao informado;816-455-8733;4;S16;C
96fb4818bbbc15e231b0a23a450741f791477db98fda6105d5fabebb11b0e232;10016609;Homestead Market;R1;1;G3;1;Nao informado;816-455-8733;0;S21;C
e5f050abc7ceb685c500800ef7f8d60fbb459f4376a7e2681ddfa6237e68acd9;10025241;TeamStore;R1;1;G1;1;Nao informado;816-455-8733;5;S5;C
b59199ac0b055dd216a1f90522e736c1f1d8a9d27439af7a88203e0d7315e2ad;10009156;Carden Supermarket;R3;1;G2;2;Nao informado;816-455-8733;4;S1;C
1de687593d554a2feac9bf281f3a17d925d76aa04d192499652f1dfacd833408;10025552;Unison Medistore;R3;1;G2;2;Nao informado;816-455-8733;4;S13;C
5389b99255a0144c0455bb4c95a8b430c494902c9ca832a650286287d5d3353d;10023516;SAIC Supermarket;R3;1;G2;2;Nao informado;816-455-8733;2;S16;C
afb4e2b61ab940b2bc16144f878c9972236a7fc44dde9a1d303c2a4ad21fd3f1;10010970;EDP Shop;R3;1;G2;2;Nao informado;816-455-8733;2;S1;C
31fa1a71bd465c5e72ae2d13483b7815a134d0c7cd27cc79a7e186795e9eff25;10012422;Finishing Shop;R3;1;G2;2;Nao informado;816-455-8733;2;S16;C
87a8adc31a6227f1cdf791bcea360714204d881ebccff7568d47ffa6ff66fadf;10023275;RFI Superstore;R3;1;G2;2;Nao informado;816-455-8733;1;S3;C
b467e7d94454d726acca472f4a463c111c8f934ad9345cbd34494076a5b3b349;10017072;Iconation Shop;R3;1;G2;2;Nao informado;816-455-8733;4;S9;C
b675d33f33e4f1ee69e9f904e4e0fab27093dec8991f8cf35414e39dfa9ef9d8;10024009;Scottish Supermarket;R2;1;G2;2;Nao informado;816-455-8733;2;S2;C
f68b8377fd9ceba1e56dd270a43e4d368f5c03737a78131201c60798e9b43107;10014803;HCHS Shop;R3;1;G2;2;Nao informado;816-455-8733;4;S16;C
fa7e0600f58942808cd618e1e2a769271e56dca14f69d6c22343d2bd8f9a8999;10027348;Zephyr Shop;R2;1;G2;2;Nao informado;816-455-8733;2;S5;I
fa267d94cf9cf3ddff2f9d9344f7996dfe66de3b646d2d1e4367f8f1a624df8e;10016807;Ibis Shop;R3;1;G2;2;M1;816-455-8733;4;S16;C
7858da4b98b0254d827af20c8b293bac3f36847cc6221790ddc1ebf0bc613458;10027053;YourFuture Shop;R3;1;G2;2;Nao informado;816-455-8733;4;S9;C
8604652d4f044486eb91ae4fb3c8baa31a2bca76f9e0d131fa00b13241da2184;10000478;Abacus Market;R3;1;G2;2;Nao informado;816-455-8733;2;S16;C
78bfc381c7060ad1234284255bc5bd4ae83439736e191123c7934670c895bf01;10011979;FiberPlex Shop;R3;1;G1;1;M1;816-455-8733;5;S19;C
904f6076a350f599c09ccb78ccc48597b9da3a19138e40742ba3b91c02fd35cd;10026081;Ventana Maxistore;O2;1;G1;1;Nao informado;816-455-8733;5;S1;C
72cb4dbc269b969b997fe95497dbfbff6440a5e7f6c6f1dff4ef5a1c89ab4ec4;10025023;TAL Store;R3;1;G3;1;Nao informado;816-455-8733;0;S5;C
55caab68ab8138f8a6451f66f062236f29ceb9c264ed32f54e114ae72a67118d;10013252;Gate Shop;O2;1;G2;2;Nao informado;816-455-8733;2;S12;C
136ce4b50ede040b91effc3d362ac48b591e82f5fe02491fd7c4770b5f2702e4;10002526;Active Shop;R3;1;G1;1;M1;816-455-8733;5;S19;C
3478affd465229f2207c9179c5cef869408878122b0085340af6137c85af5870;10015824;Heurikon Shop;R2;1;G2;2;Nao informado;816-455-8733;4;S5;C
0e9b7df09baa8f5759a798e0a672e9d365a1534ab33be7565619ebe96e412d28;10027575;Zitel Shop;R3;1;G2;2;Nao informado;816-455-8733;2;S1;C
0714a5422721ad1692a915df35bed1667e545d1620bdd1fa329544a346bf0a8b;10025771;VA Supermarket;R3;1;G2;2;Nao informado;816-455-8733;3;S1;C
4fb6866beeb7b2441dde479a54a1284a267ce4bfeab8db1d035d34ca9cdcbd50;10025304;UBF Shop;R3;1;G2;1;Nao informado;816-455-8733;5;S16;C
33b788bb1bc53177fbc877ba3d5918805d5f3d8ec44467ec65ffd6ed4adb8e03;10022978;Relcom Shop;R3;1;G2;1;Nao informado;816-455-8733;5;S16;I
43ed3dcc7bfdbfdd0e58c6d01debe625ffbb384c4f10a4ae75b10392bd7796a7;10024270;Signatures Superstore;R3;1;G2;2;Nao informado;816-455-8733;1;S4;C
74415a6efde78957f1a84f18bda3467c02655eccf630a6be487dcdefcda85799;10024006;ScotGold Market;R3;1;G2;2;M1;816-455-8733;4;S16;C
f8f3036425d052b3c34662e31389fee9ab4e03906da903deea12873e5c1b995c;10025298;U. Supermarket;R3;1;G3;1;Nao informado;816-455-8733;0;S17;C
adaf4bcdb0a4cacde3bba61b8a68484c0613c4772e202d5e043646b2542a2266;10025033;Tally Store;R3;1;G2;2;Nao informado;816-455-8733;1;S16;C
04d62993a0640d7a8887b33a70954d662ae8f86087731fc1248ba392609da0a0;10025583;United Market;R2;1;G2;2;Nao informado;816-455-8733;3;S5;C
3e3223c3e64743e6d3998d697ecdcce6baa3d9e17e001505088c44f494a7bf87;10002501;Action Supermarket;R3;1;G1;1;Nao informado;816-455-8733;5;S19;C
81b79e627af15f19ad7362f2739039717a8332385ef825c9ec54a1fea9ca08fd;10017553;iLanguage Shop;R2;1;G2;2;Nao informado;816-455-8733;4;S5;C
065a2589cf98f78c63e6b4a7c8c02de014f08507acf9a884ea131750c969c749;10017307;Idyll Store;R3;1;G3;1;Nao informado;816-455-8733;0;S8;C
03f5f8ed0df5cfe8cad8fe736c776530d508b4d3129746801f51c9d6bab621b2;10013509;Geac Shop;R3;1;G2;2;Nao informado;816-455-8733;4;S16;C
27298b379e18b6c8017c98661af318c218957881f29ddb2da94e19473e0dcc6b;10026560;Xentec Shop;O2;1;G2;2;Nao informado;816-455-8733;4;S12;C
20949f44ee49fe114c185dbc74ceff364709575b9cabae4605da7505d45211d3;10023524;Salias Gigaplace;R3;1;G2;2;Nao informado;816-455-8733;2;S16;C
c2e56c81d446707f2000415d99c4769d4e0e8e79dda3b290fa137b6c4e6da5b2;10016549;Home Store;R3;1;G2;2;Nao informado;816-455-8733;2;S16;C
b3e627f9ce78672bbd5efcb15bd4f59f26392123f1ffac018a0d80ac56f81e20;10015789;hesketh.com Shop;R3;1;G1;1;M1;816-455-8733;5;S19;C
627fcdd5c0fcdbc3594287deb828120c60d5d2c914f108c5d7ee3e8f8b4b018a;10020192;MATRIX Shop;R3;1;G2;2;Nao informado;816-455-8733;1;S16;C
0cd22e4e3958491ef80d5235e1af4649849b07bdb25ce15594ec3a1883e2e4dd;10021485;Paracel Gigaplace;R1;1;G2;2;Nao informado;816-455-8733;4;S22;C
d6386d595984dabdfbdc80a551b714449bb7149e022817c71e0fa51ec1ba3541;10023023;Crew Superstore;R1;1;G2;2;Nao informado;816-455-8733;4;S20;C
b13d67c1bf3d53f98e47fe2d7938abbd7156b416e2c897edf29e7bb15cbd604d;10007564;CAM Market;R2;1;G2;2;Nao informado;816-455-8733;2;S1;C
9081a196856289fb226fe52c77f95079e8003828e45aa9e9cdcf5a7d2b4c461d;10026861;Xyplex Shop;R3;1;G2;2;Nao informado;816-455-8733;1;S16;C
11470a78d230976646c9e53241b86a507be2592e9c11dc2aaeb45b17b1210fbb;10023778;Satronix Shop;R3;1;G2;2;Nao informado;816-455-8733;1;S16;C
d13b9ba15e2e41d3614864ed931b2baf7c364516c19b3057eb46c85a8f240f68;10025287;TransCanada Store;R2;1;G2;2;Nao informado;816-455-8733;4;S5;C
669716eaa68f65e0f8f5bf8ae7043fa54a504823cf39c324f10a1b6a8f49cf36;10011198;e-MDs Shop;R3;1;G2;2;Nao informado;816-455-8733;3;S1;C
5e570c1b316967218bce4c9abe3e1095426ab0daf33345278e31898f395666f6;10024003;Scientific Supermarket;R2;1;G2;2;Nao informado;816-455-8733;1;S3;C
2544da3660648f032a83e1edb1bbc6ac39bf4975fefa23bd9584840fc88cd0af;10021986;Pinnacle Supermarket;R2;1;G2;2;Nao informado;816-455-8733;4;S5;C
6ee1a9974abd59db13c2a8adedfc99bcab347bb2c26a85a48b7fd823a0822ab9;10025495;UniForum Shop;R3;1;G2;2;Nao informado;816-455-8733;2;S5;C
bcd194ebb29d5538551cbd32eed1bd9271dc6f0bfa74bf78fcd5ea63cf33fb9e;10014238;Harbor Store;R3;1;G1;1;M1;816-455-8733;5;S19;C
af980591acbf833d9edf39e54ed41de08c5aae1b8f3b18bfff5eafd621bff6c8;10016334;Hobart Store;R3;1;G2;2;M1;816-455-8733;4;S16;C
5984dea02a63c6fb27d0aa08de63265043bf951aa09ddf2fa84170894001fe77;10022249;Quantum Supermarket;R3;1;G2;2;Nao informado;816-455-8733;2;S16;C
ab42ea0caf5f4cec334a5af71143bf044bd7dcaab8d0b6db5dadcc6da3a56035;10008602;Caprica Supermarket;R3;1;G2;2;Nao informado;816-455-8733;3;S1;C
9a0ee66dc51b903f3a8946da6ec729a0023cade16cdb33c3a98688fc1412f9b3;10009606;Champs Gigaplace;R3;1;G1;1;M1;816-455-8733;5;S19;C
e5f5a92cc6f5857c0a574bc38befea6c401e797286b425c6c7b561e965c079af;10019109;KentISP Shop;O2;1;G2;2;Nao informado;816-455-8733;1;S12;C
0ae77785c1c7006f75b8b3c0abe192d0a616cc45da986b92b8f23a29e310bde2;10020915;Ottercom Shop;R3;1;G2;2;Nao informado;816-455-8733;4;S16;C
30be2a2fa700124bd1a7c6487e1f47626e9450eac178b1120497ea5644a8ab36;10006836;Biz-comm Shop;R3;1;G1;1;M1;816-455-8733;5;S16;C
03e369bcd5b764239869e97811e052929dc5b41d5832791f935b4cc10b020651;10021977;Pinnacle Store;R3;1;G2;2;M1;816-455-8733;4;S16;C
49c67d50e15ee07f6976992287415e8269367cd4aeca782e40e4bcfdb99301a2;10026062;Venable Shop;R2;1;G2;2;Nao informado;816-455-8733;2;S5;C
467e41b48235d1facd6436dd1fa7b58e529f99706a80fafb6e346bf3790ece98;10007577;Cam-Built Supermarket;R3;1;G2;2;Nao informado;816-455-8733;3;S1;C
8249bf663ef22206119e6387c13278ae1aa09357d6ab08b481d4fffa983dede9;10000469;A-2-Z Supermarket;R3;1;G3;1;Nao informado;816-455-8733;0;S5;C
14fd716c569edaa663e6d470d707a3062383bad234eabdd0c47ad623489eb78b;10013011;Gamacles Shop;R3;1;G1;1;M1;816-455-8733;5;S19;C
e1bb4c6db7df7f62e36f6cbb750281489ac99069aa726ac287a097100e417aae;10007120;Brinco Store;R3;1;G2;2;Nao informado;816-455-8733;1;S16;C
5eaeb4fc2c5abf4ef02788db93292a5c1c87d925cfb4801bcd68a8288cc13d7e;10022168;QualServe Shop;R1;1;G2;2;Nao informado;816-455-8733;4;S11;C
feac21e153a9f4d1eb2c5ebe0e06b9bb3932bf4fdea835c6c9a01111294521ad;10004256;Benedict Shop;R3;1;G2;2;Nao informado;816-455-8733;1;S16;C
cc980a09b84a77bc4bd72b0d9617c92ac6d177d583cc9a70129a2dc7ba0c5c06;10002709;Active Store;R3;1;G2;2;Nao informado;816-455-8733;1;S1;C
379c0f06f066fd33cf8f61c0251207266b963ece204f268f83fe4c33cf99ec3d;10006848;BizNet Supermarket;R3;1;G2;2;Nao informado;816-455-8733;3;S1;C
5b9d3ce5406fa01992abda623f3ea98c212a04c6a35394602de44241ad1cf7d4;10025299;U.S. Market;R3;1;G3;1;M1;816-455-8733;0;S5;C
047f5f1d6ff9326bb383eab44ee6d573e6d4c6298d848a154516e7d1e2248937;10018580;K Supermarket;R2;1;G2;2;Nao informado;816-455-8733;2;S1;C
515c02de94cbffcf867e3fd2dc446a4cd2d8f4a1d64d7a2c985786d9ccca7863;10024248;Sifton Supermarket;R3;1;G2;2;M1;816-455-8733;1;S16;C
feafa24b993c2848305434ee7f4784183e5e24442f8d8eb47c2d46283303294a;10024477;Smith Supermarket;R3;1;G1;1;M1;816-455-8733;5;S16;C
58af496030c4bf2ab6d7fd8904cd70cc5bf53cdec4fd82e5d73cf0eba258b52d;10022750;Ready-to-Run Shop;R3;1;G2;2;M1;816-455-8733;4;S16;C
23d47c810f916ae209cde080380cbc5382ffe7a0d45385df8e1f192f77fe1a75;10008638;CAPTA Shop;R3;1;G2;2;Nao informado;816-455-8733;3;S1;C
ceba1eec8d280413a9a55db1798d4b020740db805ec14a5e177d54d1ba9bca9b;10000461;A1 Store;R1;1;G3;1;Nao informado;816-455-8733;0;S2;C
c4e1d55e0888f275db777167bdbaeec28b5180bc409966bbda7ff1f019e26b47;10007117;Bre-X Shop;R3;1;G1;1;M1;816-455-8733;5;S19;C
b24527b18a5c0482ce555ff9919603629a743682bc03786a1cef9b9a3577642b;10025239;Teamaker Shop;R3;1;G2;1;Nao informado;816-455-8733;5;S16;C
d451340cb5ec87860bd55d3228ffac664ae5e9a4ae8502fa369c17886749a568;10019400;Keystar Superstore;R3;1;G2;2;Nao informado;816-455-8733;4;S1;C
08a585a748247d3548cdd2cc998a11f085ab6071a009b79b72fdd5289f0c14f5;10019617;Kool-Seal Shop;R3;1;G2;2;Nao informado;816-455-8733;2;S1;C
e5d4ab09a7c1afb507cb3eb734cf2a2fd0fed2102f857e465df86a23971ac93e;10018644;Kabbalah Shop;R3;1;G2;2;M1;816-455-8733;4;S16;C
b7128852f104f4ac6d83ef78fc6c8961b7dff1e740152493fa98de7e1ce9f3b7;10007123;C Supermarket;R3;1;G2;2;Nao informado;816-455-8733;2;S16;C
462fcc63e801882ca1fc379a8a6a580ea97f43cea9996264c3d3027add9bcc22;10012715;Fokas Midstore;R3;1;G2;2;M1;816-455-8733;3;S16;C
5a907241c73974489df5b7ac22e9903465c8d547b6b4068c59f3b90bfe825e94;10018665;Kaim Supermarket;R3;1;G2;2;M1;816-455-8733;3;S16;C
2e211a397c59d4445a4bdb988472e09f1b0d2cc4bf0bf10665423226d9d7d523;10012761;G.R. Supermarket;R3;1;G1;1;M1;816-455-8733;5;S16;C
6ea406def5bbf1f7465a6fd71575bf663fd6a8e759662fe62d79c8d581974869;10000472;Aaron Store;R3;1;G2;2;Nao informado;816-455-8733;1;S4;C
2be4565c903ba6a41ca3f02c5cf3dd7b497f54608e42782d107c2f0fef3e23f3;10000466;A2Z Store;R3;1;G2;2;Nao informado;816-455-8733;1;S16;C
ce4c7083886c46c63b5394dd271ecff327ac91e95717cfc44381f4b140ec549a;10002220;ACRON Shop;R3;1;G3;1;Nao informado;816-455-8733;0;S5;C
bf1062ccc660b1ad7eb76fd5d10f46bfb68406cbdb4013ee3a1585ee2cbc935d;10014546;Hauppauge Supermarket;R3;1;G2;2;Nao informado;816-455-8733;1;S16;C
504252efd6c88d13a1413bb1e30c764d2817a54c2d23718fd4fdad0285d3c0bb;10005043;Bezeq Shop;R3;1;G1;1;M1;816-455-8733;5;S18;C
3eda867991ca82b8845452f003bfa36a4ba883682693a267c56c509ff5ef2e23;10019897;Livermore Store;R3;1;G2;2;Nao informado;816-455-8733;2;S16;C
c668364c3d664f58aa55b08240c4f8d32f4ea3f5cf4d453a3d0c9fd55479de69;10026581;Xetron Shop;R3;1;G2;2;Nao informado;816-455-8733;2;S16;C
a7d5156f495183791010eec8ac743ae5b90ebbe405d4223f6e562b757ea2db67;10003720;Age Shop;R2;1;G2;2;Nao informado;816-455-8733;3;S5;C
82d2f888b40297fdff097386cedc1b084a20b8917be7480037f3226a7f3cdc8a;10025791;Valley Market;R3;1;G2;2;M1;816-455-8733;1;S16;C
2178a03765ccfbd582088e5de2f7c414a559d26a10cb1b5c64851003829e3bdd;10009647;Dayton Supermarket;R3;1;G2;2;Nao informado;816-455-8733;1;S16;C
6ea0ea08b4f6b655e7f3290d279063f392aa41f4712d4dc3a820701b3659e7a7;10027082;ySecret Shop;R3;1;G3;1;Nao informado;816-455-8733;0;S5;C
36433e1626b473b9e6227e8024aef0c4fad90add5415ddee7ec1f29fe5fc7408;10023780;SAT-SAGEM Supermarket;R3;1;G1;1;M1;816-455-8733;5;S16;C
70dcbd527c57698c99f68443b3d5343aa534b4d7f8b0a1d8b63245e6283c2dd7;10019900;LiveWire Supermarket;R3;1;G2;2;Nao informado;816-455-8733;1;S16;C
ea1d8702c945aeaa9f0d2d8bea728a6775b7dd1d70aca1e72117e2364928485f;10012425;Fins Shop;R1;1;G2;2;Nao informado;816-455-8733;4;S4;C
ff7794d8ad7fbe77f844aaa38e888e467d3d345c4d873fd7c98b501dcd35016b;10024743;Stone Supermarket;R3;1;G2;2;Nao informado;816-455-8733;1;S1;C
b58ea7c346092a3e0c83872ee34a8583ba388f3e8504698016d4df3f511a7a35;10025021;Tailwind Shop;R3;1;G2;2;Nao informado;816-455-8733;4;S16;C
6dc8c174e7f1d8740eadada54631fba0051048b567c34934b6499a74587652c3;10016045;High Supermarket;R3;1;G2;2;Nao informado;816-455-8733;4;S16;C
fd7267cd4af27892ce8d8ec9eff18d3642083c800d9af9c6b7020595b0a95afb;10022755;Real Supermarket;R3;1;G1;1;M1;816-455-8733;5;S19;C
c4fa6f7f0baab7b009beb603910e6262363dba7b3eed30a8291a297417df3952;10022183;Quantex Supermarket;R3;1;G2;2;Nao informado;816-455-8733;1;S1;C
a6c5db91132151070826c83efb6fcf2322d2167e0b09062e10b271ea4c99494f;10027583;zNET Shop;R2;1;G2;2;Nao informado;816-455-8733;4;S5;C
73844877ea1fc7040fdeed6e67b2220d6b66678487ea22b06f1381f644fc5fde;10025247;Telesat Supermarket;R2;1;G2;2;Nao informado;816-455-8733;3;S5;C
10d65b530d3ea20c7a4f773a538ebf39ec88d91c0d7e7e9bbac21b73aedac27d;10018129;J.M. Market;R3;1;G1;1;M1;816-455-8733;5;S19;C
56342598de792920a25afc7bca53b6c4c9d61356623c151c68b6dbd5e94ff334;10016564;Home Market;R3;1;G2;2;Nao informado;816-455-8733;4;S16;C
ca4c605f584ab6f8dfbacc5e11f4ab1357b391a346aa8ff4cff4e84dee34b724;10006037;Bigelow Store;R3;1;G1;2;Nao informado;816-455-8733;2;S16;C
447660754409418889b7ab5afc73d66cdf73f39d6d11220c2eb72e88063174db;10009676;Pereras;R3;1;G2;2;Nao informado;816-455-8733;4;S16;C
0a2d2f5eeb0f43bac49028301bd3c5ad17096f2bf392acac7a24e1ea1de4bcb7;10025508;Unimedya Shop;R3;1;G3;1;Nao informado;816-455-8733;0;S5;C
b7584fec7e8552e387001b6ffa4bed2872f4b8a4526d37f55347d07af229d83d;10025269;Toledo Market;R3;1;G2;2;M1;816-455-8733;4;S16;C
94c92d15aa93ec33d7fffa5a4401cb7677679eb62a8e2301807ba5fe33aa2654;10019909;LiveWORLD Shop;R2;1;G2;2;Nao informado;816-455-8733;4;S5;C
3b42852d6c8e0375e5e8a8915d0b1299078ee141f106b53c7db10f8c434c5aab;10025037;Tampere Shop;R2;1;G2;2;Nao informado;816-455-8733;1;S4;C
4dda00b31ad9f621a433c15c16dfb1557d94f0bc2798dc5b8bf4bd3e8d5d2958;10005006;Betacorp Shop;R1;1;G2;2;Nao informado;816-455-8733;1;S11;C
c3eb444d38e361ccbf7fcb64c223314ad39e82e19f171be91d84a44560282776;10021668;Pathlight Market;R3;1;G2;2;Nao informado;816-455-8733;4;S1;C
43bf3f3fb3fc665f3371f16528ca4dc20308774d4edb591a1d1951e8ae932e19;10020390;Miles Supermarket;R3;1;G2;2;Nao informado;816-455-8733;4;S1;C
1a59bd66b8dab5718fae1349c77cf9c9077c0a4f6aabd6f594648374b1fb4893;10000474;A-ARVIN Store;R2;1;G2;2;Nao informado;816-455-8733;4;S9;C
d656550044e325c409f80d89705d549e6b4ae74648216473168431a56eab1d9a;10012234;Filmotype Shop;R3;1;G2;2;Nao informado;816-455-8733;1;S16;C
ec1deefd3268c8426c7d57611b741cc99273226201b392e9790327263a3b3e09;10010914;Editor Shop;R3;1;G2;2;M1;816-455-8733;4;S16;C
692262f9c3f3f0ef9d3141b0bfade8658e3387226ae09c195789bf478b72b95f;10024016;Screen Supermarket;R3;1;G1;1;M1;816-455-8733;5;S19;C
ed0f6e0c13eacb72cbb0ea399d4f599a26681976f6dbe2d536b71f01aae2b8d3;10025814;Valpatken Shop;R3;1;G2;2;Nao informado;816-455-8733;2;S1;C
4f9eb13d5d508f85964883763d583b6a0c048419f59dd100a813e51037173064;10021412;Panngea Shop;R4;1;G2;2;Nao informado;816-455-8733;1;S18;C
81c64dabb0444303b6de078802fe1a678d977ab446ac1b73a87af74d4f57f68d;10000458;A&R Market;R3;1;G2;2;Nao informado;816-455-8733;4;S9;C
95d632398a0979cfd3d96d098d415f69303b011cfc9bbb8388299bba45db2537;10023471;Road Warriors;R3;1;G2;2;Nao informado;816-455-8733;2;S16;C
e4d751a1b0136480760b7becfb6d8bd6a47764159dd7efa570fcceb4602224ed;10023489;Robust Store;R3;1;G2;2;Nao informado;816-455-8733;1;S16;C
49d8889abde70a68308655f61bc4a364afcb9ac4fd240ee79d4c568f01920c73;10015267;Helfand Store;R3;1;G1;1;M1;816-455-8733;5;S19;C
53cf3736198ba22f3711d43cc41967c97ab52edc8fb2e691e11e429ae9b44c2e;10025242;Teamsolve Shop;O2;1;G1;1;Nao informado;816-455-8733;5;S1;C
e763f2c97573616ac511f42ed211847ce6c7a0ce732403e1c921a0398c8fef7d;10021222;Pacifico's;R3;1;G2;2;Nao informado;816-455-8733;1;S16;C
e5493031bf738bc1e20dcfb743331524bc98e59a2834e617008f45290477db04;10011521;Farr Market;R2;1;G2;2;Nao informado;816-455-8733;2;S5;C
67f1a6617969f9201f5c16c17b12d50972e35d1892096e8be096ff3528c64510;10017638;Kellys Gigastore;R3;1;G2;2;Nao informado;816-455-8733;3;S16;C
82daed3a7b18a247099cd2be26a766a0f206fc405ebe6fb575c2f0f731e65ee0;10022434;R&R Store;R3;1;G2;2;Nao informado;816-455-8733;1;S4;C
e415aee3f1037bfa38c3ec49673da36134461cf21dbcb2c5a4885e805736f519;10025515;UniPress Shop;R1;1;G2;2;Nao informado;816-455-8733;2;S20;C
e6f05faee4785f54dc0558816264e922dc90efd151f6506c567856079dafb438;10018371;Joy Supermarket;R3;1;G1;1;M1;816-455-8733;5;S19;C
4650b9473b5d92681baf42dbeb913c67d86e5bd32c11eb772953ece5e662edc8;10026355;We Market;R3;1;G2;2;Nao informado;816-455-8733;1;S3;C
554bbc1c526d1bf83023e8530429ae666d11cd0cd8660ea36864321b3eed882a;10011398;Ethyl Store;R3;1;G2;2;Nao informado;816-455-8733;1;S16;C
405290de11221a9853de48e7622b1e1c2de45199d66538593db20fbaf68496d6;10025051;Taos Supermarket;R3;1;G2;2;Nao informado;816-455-8733;1;S16;C
45d8ad6b29b528837698e38d0795befea0b71eb366f953569751f1ed95182f32;10025034;Talou Shop;R3;1;G2;2;Nao informado;816-455-8733;1;S4;C
7e876bf8136b5eeb6bb55a9729f6cf50ebe5cd2c3358cef18f100d50238ad56c;10020181;Markets;R3;1;G1;1;M1;816-455-8733;5;S19;C
0ea83956e4fe92f62557786a202b68688e82ae66b8029d15be3857bed2a45407;10020931;OutPost Market;R2;1;G2;2;Nao informado;816-455-8733;1;S5;C
16fa0f9dcde985def74ee583d4f65ac2b87887aebc205334456f4c7d5f166a72;10009642;David Store;R3;1;G2;2;Nao informado;816-455-8733;4;S16;C
76d5830c1b9447cd523a7110ebe14444756ba5a3953be4a86eb2d16c96b4e1a2;10016542;Holy Supermarket;O2;1;G2;2;Nao informado;816-455-8733;2;S12;C
bc8eacf7e05775857f1c57b2da4a78db5d9175c0ad4220fd64e3775c3020d887;10009662;De Store;R3;1;G2;2;Nao informado;816-455-8733;3;S1;C
9a56dc7e694691a91555076a98d276d994e147ec4c4bb83bd3034cfa772bdca3;10009885;Degolyer Supermarket;R3;1;G3;1;Nao informado;816-455-8733;0;S5;C
799b5b489fd028f5d3d3a270f3a4307daa061c462c653dc321e470c2c957ceca;10024022;Screen Supermarket;R1;1;G2;2;Nao informado;816-455-8733;1;S20;C
c7cff93f3807516a94c63149a8a8320d06c64dfe1fd6100e7323fc436db16c57;10013232;Garza Supermarket;R3;1;G2;2;Nao informado;816-455-8733;4;S9;C
0e1c7e58e84e17bc260ef252af68d29749de1dabd3d4f56eed4fd9ccfb38f9df;10020184;Matradi Megastore;O2;1;G2;2;Nao informado;816-455-8733;2;S12;C
74c84d194a617d1d253d6654ead81e8d36fd282e338028a73228c881d0462086;10002244;ACS Market;O2;1;G2;2;Nao informado;816-455-8733;2;S12;C
0cfa15302923e0086af64f5a90825214ce5994acd26f2e68990c33bbba992f11;10027340;Zentrum Market;R3;1;G2;2;Nao informado;816-455-8733;3;S16;C
298dd314648afdb1bbcc66d2b7a0c3b413f93f0ce08a773a5cfda90e20d3720f;10019105;Kensington Market;R3;1;G2;2;Nao informado;816-455-8733;3;S1;C
27b90a8f9c48f93c119b68a721f4ab6d7a57e8e926db6294f5e8a8724dc382d7;10026291;Warsun Supermarket;R3;1;G2;2;Nao informado;816-455-8733;4;S16;C
da9c139be8eb12bbec1d303443c54d598ce57111c629ee8b09544a5d1dd03bc2;10007355;CAF Market;R3;1;G2;2;Nao informado;816-455-8733;2;S16;C
d8016f8dcaeaade0403ddde4299dc70ac5d0078a2fb1591a524add6889465e77;10000456;A&B Shop;R1;1;G3;1;Nao informado;816-455-8733;0;S2;C
10b6c3b7905c8dcd811c02333291ce3ec27218276a8cfa4310b759d3704e679e;10022490;Racal-Datacom Shop;R3;1;G2;2;M1;816-455-8733;4;S16;C
a70641d7743cf929aec8455b8ccd7e25f69c7de3b1789b018ce11b9d872bc3d0;10023022;Renaissance Supermarket;R2;1;G3;1;Nao informado;816-455-8733;0;S8;C
57954cad43d2bfe6b34de7946b42eab88562b49aee7847da5e614995138cd23d;10025305;Ubicco Shop;R3;1;G2;2;Nao informado;816-455-8733;1;S16;C
be4950d9ec752236fb47317567c37f05e21175d717b25be8b93ae2ae9ae2725f;10010912;edit.nl Shop;R3;1;G2;2;M1;816-455-8733;2;S16;C
80741bc6022c6de404f7cde92fd8b25485fa38d44fc93efa388019ad4f3fe41f;10022240;Quantum Supermarket;R3;1;G3;1;Nao informado;816-455-8733;0;S5;C
5635c66e5ee80b77fb4dc30e6a90a33deacf0ebd3321f74193c2918ee0eab592;10000453;A Supermarket;R3;1;G1;1;Nao informado;816-455-8733;5;S19;C
e84d394ee94da121f20549b378cf837cb3f5fe9b3582fda69095aa234ea64894;10024999;TAGnology Shop;R2;1;G2;2;Nao informado;816-455-8733;4;S5;C
20dd11f92ed2a6adeb107e92a205e3669f03e46f9cd9d6c076eaca3a9189a2b5;10020962;Output Supermarket;R2;1;G2;2;Nao informado;816-455-8733;3;S5;C
a864ed49cc19092e996c76e3c0ab2a10ac08ef35082ddbcc8200f7ae25fa183c;10002489;ACT Supermarket;R3;1;G2;2;Nao informado;816-455-8733;2;S16;C
42ab52d89e485e68ab67efb97b77be55840df53a35934b7b866f03af9fdd8ce7;10009631;Clearout Shop;R3;1;G2;2;Nao informado;816-455-8733;1;S16;C
4a6945feb59bd0f76851b8bdf14d98467be403c4586405af5d7102acd546a327;10022456;Ra Maxistore;R3;1;G2;2;Nao informado;816-455-8733;1;S16;C
c4b21d9f9e67e54557239e556e20e1e008581af435a631b5b9423157a4e8ee1a;10024034;Script Supermarket;R3;1;G3;1;Nao informado;816-455-8733;0;S5;C
bcc85c1e6d4d25b200017a0b2eab5bb803e5320a1d99a1706b624837985ebbc5;10018871;Karsings;O2;1;G2;2;Nao informado;816-455-8733;4;S12;C
1a0ee055c6197a83fb3806c5fb73189f88ef762e7b883f9361673bec6b4cd4f5;10021158;Pacific Supermarket;R3;1;G3;1;Nao informado;816-455-8733;0;S17;C
6a120ac53f58505f1b437282e42f3e2507b1a28774d4f79675d1001e01d5d31a;10023212;Reuters Supermarket;R3;1;G2;2;Nao informado;816-455-8733;1;S1;C
3f32b2e74733248bdc60a660e287859f6687359e99b4e9edbb7576fb341b27ab;10021231;Packard Supermarket;R2;1;G2;2;Nao informado;816-455-8733;4;S9;C
8b57cfb14b6b452e08103c750c58e75e3a6dc0166ed6fe5f61c1ae423e3f454c;10000471;Aadast Shop;R3;1;G1;1;M1;816-455-8733;5;S19;C
c67b92083d5a30801105ac8ca5a676a40864822416d67e57855409816a766f44;10002506;ActionWorld Shop;R3;1;G2;2;Nao informado;816-455-8733;1;S16;C
8b273e56e8c58df8451de72621ac8ad750c2f622518d4a712509cc4b4732cd3b;10026521;Xcert Shop;R3;1;G1;1;M1;816-455-8733;5;S20;C
286daf3449dc4f0a60049fac3fb3667956fb2f36b98bf48f1b1035dde6dabf77;10025285;Transalta Store;R3;1;G2;2;Nao informado;816-455-8733;2;S16;C
85d4646972196503ed8e9f9c1b5c7b6a228b84fdd7b3f0d28b3170749a5ce7ab;10011724;Federal Supermarket;O2;1;G3;1;Nao informado;816-455-8733;0;S1;C
fd7b3f8f0ea16d8c8dffe27070a641ee18a8451bd68ee61b842cd3ba1d331d52;10019388;KeyComm Shop;R3;1;G2;2;Nao informado;816-455-8733;1;S1;C
d00f40aa29743ba4c4ad16cc3eb009eb4868b7176ba1db08ec21062fcd5776a6;10016858;IBVA Shop;R2;1;G2;2;Nao informado;816-455-8733;1;S5;C
7a3e1b85205b0d02fbec4c648922e105f4367c7723713b3e5b859f364575012f;10017290;Id Shop;R3;1;G1;1;M1;816-455-8733;5;S16;C
899676ed82e79759b67cefc9948992fbef4540f0b7915d48fc1816cb7c712f9e;10014043;Guarantee Supermarket;R3;1;G1;1;M1;816-455-8733;5;S18;C
514b6b84d9d90a72e69c272f18a821813ce791cd4e0b6ebde0309fabb9ffb216;10025039;Tandy Superstore;R1;1;G2;2;Nao informado;816-455-8733;4;S11;C
e9611f4132f1470b2c22a6103d8acba0b42972616d5c4b374bbca04773336d45;10022732;RC Market;R2;1;G2;2;Nao informado;816-455-8733;2;S5;C
cf46cc9246ef833a78104763300fee3b155e4ff53a1a026dfb40ed6c03f99695;10009672;DEAC Shop;R3;1;G2;2;Nao informado;816-455-8733;1;S16;C
38eac092a3ca129d66d45a029e4c6d9080b618e55bd7eedfc14726d915a09a22;10021223;PacificServ Shop;O2;1;G2;2;Nao informado;816-455-8733;4;S12;C
780e58325ae81b894ca27b41dcbb348bc7b0c1cf3c51fbd36eb616330358037c;10024255;Sigma Shop;O2;1;G2;2;Nao informado;816-455-8733;4;S12;C
5323414624b5e14347159639139cc736bd5136397a5b21eb029fc0601a8a0c8f;10021459;Papyrus Shop;O2;1;G2;2;Nao informado;816-455-8733;2;S12;C
c6eafdec0fa06605e6962211975a8e871c8f0cac721f30142fae36caedc1438c;10017314;Idyllwild Shop;R3;1;G2;2;Nao informado;816-455-8733;2;S14;C
8fdc48d48cf5e6b1f71979863ee272a863b9082c5e088f5c4bd3ee2721995f07;10006805;Bitstream Shop;R3;1;G1;2;Nao informado;816-455-8733;2;S16;C
2406262ca4004bd29db7b275b42afb74f0097ea701fe1af86583b5d9f43a0abe;10023759;SASCO Store;R3;1;G2;2;Nao informado;816-455-8733;2;S1;C
4af67a4d470a318cf6a454392e08821bf94ca2de945f3f88b6dd7fb107c201fe;10025549;UNIS Supermarket;R2;1;G2;2;Nao informado;816-455-8733;3;S5;C
c26b71a2433897dfc71a914d204476af29df44ff3453672f4e289f4ebf976cbd;10026868;Xyratex Shop;R3;1;G1;1;M1;816-455-8733;5;S16;C
5be090001270e87b18c7103b6b3525ed16b0bb71ea26a40d70e285dce3c1a211;10025919;Vanstars;R3;1;G2;2;M1;816-455-8733;1;S16;C
7c93ed05594168410c823fbcce4f9dde38553ad05e2a858ecae7490ff5b96054;10027560;Zilog Shop;R2;1;G2;2;Nao informado;816-455-8733;2;S1;C
6bff16def4ca745416d5b998998bdaa890743fabab79be3001d8bda2998e96a3;10026843;XVT Shop;R3;1;G2;2;Nao informado;816-455-8733;1;S1;C
95893170c178c0cbc8ee72be3408ff3feef6003d9930ba8f5714e1e85aa56d4a;10022687;Ravenwerks Shop;R3;1;G3;1;Nao informado;816-455-8733;0;S5;C
c447c1f698de02433e537dcf3af21726c19a993a50f43394293e81a12b0f3e5d;10027356;Zero Market;R3;1;G2;2;Nao informado;816-455-8733;4;S1;C
3618f32bb21b0324496431031449ae2066269652a9084287b18f6c4ab431dd96;10023538;Salamander Supermarket;R1;1;G2;2;Nao informado;816-455-8733;2;S11;C
7b5174efac99327aa825400f055b52f831f9101b05a8dc8710d27129491c35db;10015783;Hershey Supermarket;R3;1;G2;2;Nao informado;816-455-8733;3;S1;I
15ac4a1e1609cf408948d27767bd1a575a47059033b675cad63172d881d71f09;10011732;Federated Supermarket;R3;1;G2;1;Nao informado;816-455-8733;5;S16;C
dccb2f28eda04eea4d1d7e9ac344d26a0496b667db461e9999d87669d9633a6f;10025769;UUmail Shop;R3;1;G2;2;Nao informado;816-455-8733;1;S1;C
489fe1b461b024d818db22b86f7be444c3b2e9a75fb9d29dd452ec878860595b;10024010;Screaming Market;R2;1;G2;2;Nao informado;816-455-8733;4;S3;C
7b68198a95bf3300a6a74cf3783b61072a8390d2f76ff9a37980480a7d043fdd;10009863;Deere Store;R3;1;G1;1;M1;816-455-8733;5;S19;C
66639a892900c799b4ed2e56e8d123a3d8745acb6a99d106e318a6bdd07735f9;10009653;DCP Supermarket;R2;1;G3;1;Nao informado;816-455-8733;0;S8;C
12ef165ed8dfe015fc7e43f41aa6116ab545d071889320f5503eb0b7396094fe;10025250;TICOR Shop;R2;1;G2;2;Nao informado;816-455-8733;2;S5;C
ce03278756fb55927456346ec762d03957f78a0deb03e76effb57d0e1c92ac14;10023244;Revolutionary Supermarket;R2;1;G2;2;Nao informado;816-455-8733;2;S5;C
a38adffb896916f562a91ca8a19a23025195c7ddde560d011f8e9db0bb62c5a3;10020413;Molson Store;R3;1;G2;2;Nao informado;816-455-8733;2;S1;C
f97806e3469ab5718f81f2a3583aa5d99c044f57550e2a50809f95fdca02ee00;10009907;Del Supermarket;R2;1;G2;2;Nao informado;816-455-8733;2;S9;C
01cdbe7082a1ae9d7a74a5feb1701c27c5fa56c8e200859329f84b251ddda487;10020388;Metro-Goldwyn-Mayer, Supermarket;R3;1;G2;2;Nao informado;816-455-8733;3;S1;C
516c80d23463f699e172e900c971edc811627f5f49b14905b2b4d370fa4743e9;10025251;Time Supermarket;R2;1;G2;2;Nao informado;816-455-8733;4;S5;C
e96c809c1ee2dd4429783474c27106826afb968c041e7956b793c869cde90c51;10022678;Rave Supermarket;R3;1;G2;2;Nao informado;816-455-8733;3;S16;C
e4c769bcd5b989bf35a75430e0eebacba54ff949fe2857670e9c25e9dbdb6dd8;10017036;Icon Superstore;R1;1;G2;2;Nao informado;816-455-8733;4;S11;C
17a98953e089c9607d3d949d7fe5b36237bc9bcac2dce2b1b4523322d202faec;10020927;Outbreak Shop;R3;1;G2;2;Nao informado;816-455-8733;4;S16;C
65658bb36f36ded9fc8367b222652b059a82356e67a9474fef00876f8ec416e6;10025758;UTStarGate Shop;R3;1;G2;2;Nao informado;816-455-8733;2;S16;C
7b65ecb422eca6ebebbb0a65d9c1cf2da7e160fa80f2d71df7cb49ba16c5040e;10022764;RealiDyne Shop;R3;1;G2;2;Nao informado;816-455-8733;2;S5;C
283dac49254e27fba198896deeb9cf730aab942f983152fcbafe2149caf2cf52;10022470;Racal Store;R3;1;G2;2;Nao informado;816-455-8733;2;S5;C
341b8eb41db5d6f29ed2970ac2edf4b0f3517d28aa353bd2888a89cacf749ab7;10016588;Bounds Megaplace;R3;1;G2;2;M1;816-455-8733;2;S16;C
965ab99d8405c8ac1ec1aeb36e34f22254b63fdcb59454a1147f636ede424514;10015793;Hetrick Supermarket;R3;1;G2;2;Nao informado;816-455-8733;1;S16;C
b749a5377c253ab10d51fc5f85bc9a59c3340f0ed836a6c4d8fc67282c342d09;10015495;Hennings;R3;1;G2;2;M1;816-455-8733;4;S16;C
91da5f6ad404f6437a2f3da1d168a143f83d4af33c3fcb7ab93fd5a4a5a4f093;10021139;Pace Shop;R3;1;G3;2;Nao informado;816-455-8733;4;S5;C
4f2981055b66c30ecb9c8cc7ea283ddfb1ab9df6b002ad5d27f206aa867ba9a4;10024499;Soloman Market;R3;1;G2;2;Nao informado;816-455-8733;2;S16;C
24b00bc51c709c7b60fe11fadb9fb027cd6b3887904aa924cf4b05f754345022;10012235;Fimetrics Supermarket;R3;1;G3;1;Nao informado;816-455-8733;0;S5;C
e10092a131612e1ad2896c4493695f0c78bf1f3785fa9e2cf9b6989ec18eb682;10025063;Taroch Mexistore;R3;1;G1;1;M1;816-455-8733;5;S19;C
ace6847d0adb1ae55e6b3cb8759d89d25d5883db4f04a0f67466f76619b26243;10022746;Rdlabs Shop;R3;1;G1;1;M1;816-455-8733;5;S19;C
6855c0b8d44a120d9adfad4c14698414ea7bef530a6b97629cfa9ef23e8b053e;10009633;Dan Store;R3;1;G2;1;Nao informado;816-455-8733;5;S16;C
9ef899615287cdf34ea455132988c401f46304d175da8be23e1b9463262b834e;10008893;Caravelle Shop;R3;1;G2;2;Nao informado;816-455-8733;1;S1;C
4d509d2c7528e49e9b6411a7a381a14372d385066718fdd3257f0e092dcccd58;10023793;Savetz Store;R2;1;G2;2;Nao informado;816-455-8733;2;S2;C
de473480aee7c13c2b5d351bfc5d09803b40180288758039f3807abdf436a3e8;10021936;Pink Supermarket;R3;1;G2;2;Nao informado;816-455-8733;2;S16;C
0dae2c73f6a4ba42e3a3989c5aec55d4ca84f73ac8583127ff38d2987fb01f41;10023703;Sarcom Shop;R3;1;G1;1;M1;816-455-8733;5;S19;C
24e7481c74c9f82a1ff2f6dec5a61f64ad692e3dc2f9ad00dbda7c4bad92a0cb;10014495;Harvard Supermarket;R3;1;G2;2;Nao informado;816-455-8733;1;S16;C
c66bff233953a69b6d8cd7fd1ffcd098183159bc1a7e1de82b938797b845b584;10010717;East Shop;R2;1;G2;2;Nao informado;816-455-8733;4;S5;C
3e9cb686f54caff1c5c241085008da274ea2462276337be0351afe79b2f07f96;10019678;Laker Market;R3;1;G2;2;Nao informado;816-455-8733;1;S16;C
873ce2014c72b44bcc0edc889775a27c3e86a31250c7fb3b846811352caed050;10004255;Bendix Store;R3;1;G1;1;M1;816-455-8733;5;S19;C
d36a2a80025679a417ee23801b3965f5c2cb96a0fa7ff619594ed5863069beb6;10024262;Signature Shop;R3;1;G2;2;Nao informado;816-455-8733;1;S16;C
05c395fdf23b5de3dbfedb26c1284ee68b61245314a5624a01edb4c7797e02c5;10025036;Tampa Market;R3;1;G2;2;Nao informado;816-455-8733;4;S9;C
a6a7689fd9d0c23e8df8d3655d547415d4329d8de47389b10e524b0d553b2b55;10020907;Onebox Shop;R3;1;G1;1;Nao informado;816-455-8733;5;S16;C
3af952039ca40b460009e4a1cb5c1700d5fe38f4e9da86a34e7263de7466f427;10018877;KAT Store;R3;1;G1;1;M1;816-455-8733;5;S17;C
9821ef8aee6046ed13f386d09d68abcbb45aac881882c25afeac1124552b81cb;10021203;Pacific Market;O2;1;G2;2;Nao informado;816-455-8733;1;S12;C
b31e75d2793c57871d5da344d1aea077365724fb8a0ddf3d3f86123279e409f5;10025264;Today Shop;R3;1;G2;2;Nao informado;816-455-8733;1;S16;C
22515239c069c310c3f3f65e06e0532c572a2df53648b1b26a8ce09083531e43;10010969;Edorex Supermarket;R3;1;G2;2;Nao informado;816-455-8733;4;S16;C
4263317b1d085c9462b2c7e5aba13888ba275754df2effeff997346e4fd7bef7;10000480;Abbotsbury Shop;R2;1;G2;2;Nao informado;816-455-8733;1;S5;C
2888871060905e86476384ce2872b1c9f2a2417b2ddf0d805ccfb01a97bc29a6;10023509;Safetynet Shop;R3;1;G2;2;Nao informado;816-455-8733;2;S1;C
4d37b5ccf2922f8211a9f0c6a09b502bcbea3d6f99d9c183af31ed705bca5c9c;10014471;Harts Superstore;R1;1;G3;1;Nao informado;816-455-8733;0;S2;C
ae97e39355da4289db12eb6e386cd68ca13d66f87df3529185be613b2a7d0374;10018146;J.M. Supermarket;R3;1;G3;1;Nao informado;816-455-8733;0;S8;C
a599e576f384d8f4b3f0563b9ee61c431ad13934cfc2f58050525e3bdad20773;10018603;K&K Supermarket;R3;1;G1;1;M1;816-455-8733;5;S19;C
a64ad5978a77a2d095f183d7cf7dbc38b2f61e1cd3c38e46d6261d942afe4337;10015030;Hegemony Shop;R2;1;G2;2;Nao informado;816-455-8733;1;S5;C
2accee4132870c63d89fc2f0cf9942404cf604c05c07f07b88329b5f6a8b3dd0;10025291;Trend Market;R3;1;G2;2;Nao informado;816-455-8733;4;S16;C
2b781116285d5a601483122f6cbbcfc06b612fca02a2fea5b95711775687bdb3;10025049;Tao Store;R3;1;G2;2;Nao informado;816-455-8733;1;S16;C
12f9f8d301b28950dc943e268640f0d433385a4258572eb707a647c785425e6b;10017828;Lee Megastore;R1;1;G2;2;Nao informado;816-455-8733;1;S20;C
528f41ac74e5e470d08a59c592cef57fde7d5fd2e8f3c40213bf926360bc4801;10007591;ComeStore;R3;1;G1;1;M1;816-455-8733;5;S19;C
d81fc2a2ae351027a872a64d1c21c19dd4681f449429a065a3af579b6034567e;10025032;Talkland Shop;R3;1;G1;1;M1;816-455-8733;0;S19;C
045bcbddd461f7fbb4492dd3db547584f2521f8d38e0be1c265aa014f9f2a286;10021184;Pacific Supermarket;R3;1;G2;2;Nao informado;816-455-8733;1;S16;C
9562377da8dae3155093249102ef9802848abde540f81a10e2bba8b4a0a83c33;10018623;K&M Supermarket;R1;1;G2;2;Nao informado;816-455-8733;2;S5;C
37b8b64982db03902fe255d1cde2eb5cf9e7b4d410049fbfb30b0a8ef1aa7a22;10025249;Texasgulf Market;R1;1;G2;2;Nao informado;816-455-8733;2;S11;C
e34c0b3fe1fe99d3b8270c0f68f27dbbac2b354cce2b3631bdf7e565dbc21e41;10024246;Siemens Supermarket;R3;1;G2;2;Nao informado;816-455-8733;3;S16;C
03421e4167d503ee8711d349653fb7a52bdd2beab6b64a8914589125aa5d1844;10010906;ediSys Shop;R3;1;G2;2;Nao informado;816-455-8733;3;S1;C
4a7ac7db45cae8076a26d34ea1ccd8466fb71bf9c81d1f0e782dcd8e4985f56c;10020663;Neos Gigaplace;R3;1;G2;2;Nao informado;816-455-8733;1;S16;C
2f140f59c07c7bcc232f396d40dca719cbe0a2679fa27a1122458e0c01fcea79;10002240;ACS Shop;R3;1;G2;2;Nao informado;816-455-8733;3;S1;C
132f7d3f55b3a9d8aa4178e33d8481ffe4864fce963191b1bc789f4cee218506;10010698;Earth Shop;R3;1;G2;2;Nao informado;816-455-8733;1;S16;C
d19da54314a79ab1e00a92b677ddb4b4219762bbaf0caef46a79be76fc3cf9ad;10024260;Sigma Supermarket;R3;1;G2;2;Nao informado;816-455-8733;1;S16;C
a9e0097b208aa3ce1483f722110ae393459ab1ca02d6d1fb84d6ed61ae86924c;10009697;Debian Shop;R2;1;G2;2;Nao informado;816-455-8733;2;S5;I
5d1924f8698ac937838dd5b8c5997ab1f33ba531af8661d15436cb8b365359fc;10009623;Chas Market;R3;1;G2;2;Nao informado;816-455-8733;2;S16;I
ad5383de2f55c45c64927c8edd504bf8eac1a6e3d6d16d45462aec4a73780788;10018885;Kawneer Market;R3;1;G2;2;Nao informado;816-455-8733;1;S1;C
8104c0be8ce9307ede140031ca96f935635d8cac38dd6f3e2f3ed34b29d23408;10020448;Nanao Shop;R3;1;G3;1;Nao informado;816-455-8733;0;S5;C
367e8be33e3533040c01ee7fa18cdd737e87c3f7c92c34e68fb3b74a366e1157;10026532;Xediom Shop;R2;1;G2;2;Nao informado;816-455-8733;4;S5;C
c06a0f82c8a5c23ffe4e44372b4e687c38dc5fc99808b1b8bcb34147ba8f1947;10025243;Teca-Print Shop;R3;1;G2;2;Nao informado;816-455-8733;2;S16;C
7e5010180d7faa4a1a7ab97d6aa799818434d01eb18c83189d8715fffde9f93e;10010897;Edify Shop;R2;1;G2;2;Nao informado;816-455-8733;2;S2;C
c48d714623b98c554ffde05f71a14f17d575ec848b8e677a48689b7418276e36;10021422;PAP Supermarket;R1;1;G2;2;Nao informado;816-455-8733;1;S4;C
9a2c1202cbf2dc0356ae0da91589612df405478415d501902e9b6c5a82d5bb75;10018628;K.C. Supermarket;R2;1;G2;2;Nao informado;816-455-8733;1;S5;C
c94c67a13210e1bbbc15750e0c5a8f90900fce3e1c4c89acdaf24750d771e769;10024524;Southam Supermarket;R2;1;G2;2;Nao informado;816-455-8733;4;S9;C
8c639826537c08efa60cf3033d97dd6a17d0d0f4e74953c9b6655c86c5b4c59a;10019682;Lamson Store;R3;1;G2;2;Nao informado;816-455-8733;4;S3;C
416bf9381bc5b36f3722bb6d4e7faad7246a4158f3e5d3bf135b7a6f80eaf8c9;10025560;Unisys Supermarket;R3;1;G2;2;M1;816-455-8733;2;S16;C
57b49b4863e8e2c68096648d96f5f77f349ca5246ee97c92940b2082ceacc1a9;10009657;DC-Works Shop;R3;1;G2;2;Nao informado;816-455-8733;3;S16;C
c496d2aa3e37cd934b2c76f5ba2af74a2113450706b4c07513224ef9a1c58f2d;10017054;Icon Market;R3;1;G2;2;Nao informado;816-455-8733;4;S1;C
28d285f3a400f306ad443a7ad98c67b391f451b6488c4f43f7f176856c99b1d3;10026839;Xtreme Shop;R3;1;G2;2;M1;816-455-8733;2;S16;C
d0e8ba397842d52a9cc279cbf382fd14f9241b1c029e218d473cdd75c068863b;10007309;Cadtex Shop;R3;1;G1;1;M1;816-455-8733;5;S19;C
210610bd224847c0dc0fea784f8d4458a0ef44426199062704ba526ac777a1fb;10008381;CAPCON Shop;R3;1;G2;2;Nao informado;816-455-8733;1;S1;C
78abf4c4cd85483314eb35d5c13e76d2fc0e7f477d9604ecb0da87aafc8e9891;10023003;Remedy Shop;R3;1;G2;2;M1;816-455-8733;4;S16;C
809cbb5364edcf6313c3c093a37fa0873f4b41ed969fd08a17d28f0b2dc4943c;10022725;Razorfish Shop;R3;1;G2;2;Nao informado;816-455-8733;2;S16;C
990b5e3b9769f17c1ac2e314e71b67f9d12efa532d398f930650f4ea1df7dc73;10025296;Trust Supermarket;R3;1;G2;2;Nao informado;816-455-8733;4;S1;C
167c50a2d842ead4486421aa8e4273d57751be6016f687f06afbca3e16d122bf;10025289;Tredegar Market;R3;1;G2;2;Nao informado;816-455-8733;1;S4;C
a7f2c7d6cd3f74b9d4a892eb12d8a1bcb13a1267c81ace2b24ce844915e53774;10014469;Harte-Hanks Market;O2;1;G2;2;Nao informado;816-455-8733;4;S12;C
0dc206d9b076084cbc5bf9be2898bcbf1a2659e120a6c3d811ddc5680d062a30;10011997;Fibronics Shop;R3;1;G2;2;Nao informado;816-455-8733;3;S16;C
e8a21cccc1fda2a66f6740aee8537854c28ab999116e856bcdd39abe8fefeb7e;10027370;Zeroo Gigastore;R3;1;G1;1;M1;816-455-8733;5;S19;C
0442a62a4b88d9f0536cca1560ce0550dba518843e9979aad81da00deea69bf1;10026268;WarRoom Store;R2;1;G3;1;Nao informado;816-455-8733;0;S8;C
1a3956ec376697e470d249e4cb99051c9835c7c558e64cd15d3bbb86dca0a75b;10025025;Taligent Midstore;R3;1;G2;2;M1;816-455-8733;1;S16;C
d1c13dc5b8f74db1c25adf132e1c0df334fd967b82804ce7e1d75ce408859a99;10007121;C Market;R3;1;G2;2;Nao informado;816-455-8733;4;S16;C
0e69b46ca409714ab79f26eec7b4178de7f07a895ed55c568aa10b62f1a8fa8b;10025558;Unisys Shop;R3;1;G2;2;Nao informado;816-455-8733;2;S1;C
77708c34f498a05fc6fcdf3d6aebd185afa786520b858413ef459aa1ecda86c4;10020672;Oki Shop;R3;1;G1;1;M1;816-455-8733;5;S19;C
a2c1ee3e00d57c24c094fdb915de5dccc2b51ac1a3de2c38b3bda2cee0fe116b;10016784;IBEX Shop;R2;1;G2;2;Nao informado;816-455-8733;4;S5;C
a55f77a449af7249d489c2d51fe2ca02f9557077e8b57a9557f070f28f2c6a8b;10007122;C Store;R3;1;G2;2;Nao informado;816-455-8733;2;S16;C
e039fa4459fb9bd6f2874b2060567eb8191169aa0a36a53165b5a9e6672ad0bf;10021175;Pacific Supermarket;R3;1;G2;2;Nao informado;816-455-8733;2;S16;C
211f4140f83428a4655bb920b4fdaf55b82320d7d760c0332fdf42bd1b8be3ba;10025061;Target Store;R3;1;G2;2;Nao informado;816-455-8733;4;S9;C
91839f1d569ada1ad9d9b95b28361c1e792e5fd6cb506a89fe23c4e20da8a4cf;10023235;ReviewBooth Shop;R2;1;G2;2;Nao informado;816-455-8733;2;S3;C
9c4f75fe75bb1810a1c7ff7ef8d33bb603c5f60b18017f7c8914fb706fe6e886;10026606;Xilinix Midstore;O2;1;G2;2;Nao informado;816-455-8733;4;S12;C
a49be8c1ff5530b0247df0252f06b629ab599ed59ba029933787e6d51d9924a9;10010974;EDS Shop;R2;1;G2;2;Nao informado;816-455-8733;4;S9;C
349dce44f03368c20580a2d139e376f8c4904f5b1ca85813a57d997402094cb9;10002765;Active Store;R3;1;G2;2;Nao informado;816-455-8733;2;S16;C
90206bc9c9bf08466fce5da78fc781a71bccbdfe27196119114ca7c3bdcc62e9;10019913;Livezone Supermarket;R3;1;G3;1;Nao informado;816-455-8733;0;S17;C
4c9ab9fb61c84e44ccfcd7d8345334678994b0b2f5cd2ebf0d77de7e61b82a33;10014779;HBO Supermarket;R3;1;G2;2;Nao informado;816-455-8733;3;S16;C
2c4ceac02743c261762e2355e9ee1ac19b8cdaa8800d2ff0760910f71593f166;10010923;Edmark Shop;O2;1;G1;1;Nao informado;816-455-8733;5;S1;C
65d14846fd92beb5090ad60f8311b13a71a50b95a02b4b4b0e13d46cf470de15;10022730;RC Shop;R2;1;G2;2;Nao informado;816-455-8733;4;S9;C
a6222c54961fde2e224ca3cd6df00a2a9a9d7ea6937b99fb78925668596bd45e;10016047;High Store;R3;1;G2;2;Nao informado;816-455-8733;2;S16;C
7b962a0002b84e7aee5d309d59f3b1ceb1381926bf826e37da47148999a5bacc;10025040;Tangent Shop;R3;1;G2;2;Nao informado;816-455-8733;2;S1;C
69bd458f1ab5ed3baa454a691b47e43f5f197db409b1164db2af2c0cb2a7c7e6;10020193;Maui Store;R2;1;G2;1;Nao informado;816-455-8733;5;S5;C
ab274583009649c7c99949f97d349c2709936c874dbf44a21cddbba100adfd70;10017585;Ilog Shop;R3;1;G2;2;Nao informado;816-455-8733;4;S16;C
b90116292d5f0bcf64d2564482498dbc46dafc04b42a8484182e0ab02ab73258;10026336;WBM Store;R3;1;G2;2;Nao informado;816-455-8733;2;S16;C
25fefd1172d05bea7adcaff087d0daa6379e6b5a96b1c79e7aefe88d4808b67a;10027572;ZipLip.Com Shop;R3;1;G2;2;Nao informado;816-455-8733;3;S1;C
b9f2eba32de6d39948bb23f37e142dd34d5d8e33041b8c455597d5e4ce54ccf9;10011734;Felidae Enterprises;R3;1;G2;2;Nao informado;816-455-8733;2;S16;C
1e5fa39f6242f5c36cdd932da034866b47aab5dd22b230c354d4fce881630239;10014804;HCS Shop;R3;1;G2;2;Nao informado;816-455-8733;2;S16;C
c600d445b2349e2492ecefd2d6f9e8984461c9196a975c1e8a5b96af99505d10;10023760;SataMine Shop;R3;1;G2;2;Nao informado;816-455-8733;3;S1;C
f1c2b69d5cdfe2a842d474a3c1d60aca820d1b0ae90c62cb24d0908c7ab98c46;10021472;Parabole Shop;R3;1;G3;1;Nao informado;816-455-8733;0;S5;C
7b6c8f15f8f9fbb2c29801103c042826ea0f96706d047bf8ac16f25d0bf5934a;10026006;Vector USA;R3;1;G3;1;Nao informado;816-455-8733;0;S5;C
5ef4f96ca9835a1c424990883c9943303031ab2c1e81649c4508df76e97c963c;10018867;Kari Supermarket;R3;1;G2;2;Nao informado;816-455-8733;4;S16;C
40fe5c79818c8f3c3bc166632546f51b6d4dd55b46297de0a64e4b8e731a8873;10014047;Gulf Market;R2;1;G2;2;Nao informado;816-455-8733;1;S4;C
aab6b1ebbc78d31aa9d6a76c07eede4e9bff005bcd0323df4adad3ab03d11377;10025248;Telus Store;R3;1;G2;2;Nao informado;816-455-8733;1;S16;C
b21af63f96b72c20941da6de32c05149823b871e18b0609d35337bc86b3d6cc6;10016548;Home Superstore;R3;1;G2;2;Nao informado;816-455-8733;2;S16;C
89edec51c367cc86692e263f7960dc8c461be21a5218a28b975b3bad23df8429;10025038;Tanager Shop;R2;1;G2;2;Nao informado;816-455-8733;3;S11;C
2241728f939936f2b44e9f3304bbfa22850f315bc54f087a8814364de005e5ec;10004516;Besicorp Shop;R3;1;G1;1;M1;816-455-8733;5;S19;C
3843826d62ccaf039ffc6016b6014cbeb58c2e529bcbb3b989bf3b5d5c48b1d4;10020449;Nancy Supermarket;R3;1;G1;1;M1;816-455-8733;5;S16;C
7a9fb0cae1ece37f3879498b1ba52426649fea313139cf2c4798318d9b83ff74;10000460;Meals Market;R3;1;G2;2;Nao informado;816-455-8733;2;S16;C
61052af4975b9d1f6f536c8a23c012b61839b654007abb4b8a18ab7547c97ef8;10019410;Keystone Store;R1;1;G3;1;Nao informado;816-455-8733;0;S2;C
0a5885012e018970f283a39973699f84a74275ce944ab684e04007344a61a4ef;10009679;Debenhams Supermarket;R3;1;G2;2;Nao informado;816-455-8733;2;S16;C
69b74b88b564efa0390b8d5809d954a8dcf316a38a6e2a090a360226cb6c6c7d;10007866;Camros Shop;R3;1;G1;1;M1;816-455-8733;5;S16;C
fa04e0c5202ae2ea165ee53eed9e600be506996fb02eb53add4751bd632c0634;10000473;Aaron Supermarket;R3;1;G2;2;Nao informado;816-455-8733;1;S16;C
4bcd83735e56675e81cafbb8814e7417794bec92f20bda094f74f97cb0d63294;10023783;Saturnus Supermarket;R3;1;G2;2;Nao informado;816-455-8733;2;S16;C
f6b806234d2b6e3b99b118bca0e3f7fd35aacfc662349d593539233685838f42;10009669;De Store;R3;1;G2;1;Nao informado;816-455-8733;5;S14;C
2ff0ad2a3dc4bd855b44f6ba606b001bfe1254d121715f270dd927220ac48fdf;10018363;Jones Stores;R3;1;G1;1;M1;816-455-8733;5;S18;C
f457786924016b47766a580571ca9812d10f2dcca3d402f687e5f4c070f82ed4;10010886;EDGE Supermarket;R1;1;G2;2;Nao informado;816-455-8733;1;S11;C
a35e7d7642c90fadb0fe2d00ba0792c2335030df849c46a593277a5f9d52f80b;10000481;Abbott Shop;R2;1;G2;2;Nao informado;816-455-8733;4;S5;C
8fd8badcbbc4e59ceea82e2303815363902603c11977ac91dced80b534f480f6;10024550;Southwire Store;R2;1;G2;2;Nao informado;816-455-8733;4;S9;C
4cf0dc468bdde679451c9b200946e7c6562727743d460ea84e98c19e38ad76f9;10013188;Gartner Supermarket;R3;1;G2;2;Nao informado;816-455-8733;2;S16;C
ed7573dec3f4889581905997f698822771b7500a6c126e64154545413ef65aca;10006862;BL Supermarket;R3;1;G2;2;Nao informado;816-455-8733;2;S1;C
4fd8b36be6be7743cd921c5ddff541c733bf41236cd0f8687b370a4867a6484c;10026055;Dellovade, Supermarket;R3;1;G2;2;Nao informado;816-455-8733;4;S16;C
25f3e99c39142e0cca0e925743978c78787a3d7a47703fb9dc9fd7c73d564346;10019664;Koppers Supermarket;R1;1;G2;2;Nao informado;816-455-8733;4;S20;C
f70812bc24b9e925c4b018b75981f89e3a5b555a1bd55455d39c5d4e8fc35d2e;10025062;TargetedListings Shop;R3;1;G2;2;Nao informado;816-455-8733;3;S1;C
9b5d59e662f34204c1148bd6cd41c17ee451642161d8e0b47ce835161113dca3;10027381;Zero-Knowledge Supermarket;R3;1;G2;2;Nao informado;816-455-8733;1;S16;C
0b7a1fd438d105b509ec93b4b65da025a1b7e3cd2c4911fa7c4b8f23f50e236a;10022444;R.J. Market;O2;1;G2;2;Nao informado;816-455-8733;4;S12;C
d3c2a1c5aeb120b2c1d7297fa1bb7b48ba408089613ba044656e6e1023672448;10014739;Haz-Mat Store;R2;1;G2;2;Nao informado;816-455-8733;2;S5;C
ade1ffae9d9ca018e822f8ab38d2bc4affa2d6752d122935641e2862b87c6761;10000475;AA-Wizard Shop;R3;1;G2;2;Nao informado;816-455-8733;2;S16;C
ad7070c34aadf5bed452928d7632eb39e4f0b1be898ccb9fc83014ef6c51fef3;10000455;Caribian Supermarket;R3;1;G2;2;Nao informado;816-455-8733;1;S16;C
fc462b186abc59e066194f6708ab45c8763cf170950515900e2bb51ec7408d84;10011981;FIBERWORKS Shop;R3;1;G2;2;Nao informado;816-455-8733;1;S16;C
fe88d2d81c55cec70bed5d768e479334f537c3fea9939880f2f5d54bca68ad8d;10025302;U.S. Market;R3;1;G2;2;Nao informado;816-455-8733;2;S1;C
17a39ae6d41641796b836349a4f65fd2df29b928be835d410dd60582c944ecf3;10024725;Stone Market;R3;1;G2;2;Nao informado;816-455-8733;2;S16;C
402fc06f5f8f375c182fe49c8bb9b9594125a2a6bef6b0bc4e9ea11580f0a535;10009650;Dayton Store;R3;1;G1;1;M1;816-455-8733;5;S16;C
0ed288e37299a80c5790bdae9deeaafca0df821a55ba3e6d649e086ab1f6be5b;10025022;Take Supermarket;R3;1;G1;1;M1;816-455-8733;5;S19;C
b2b297c76cc8fcb568f1bd51182d6f2ea18b94fc15f434760ae1c3d2ec6fad39;10009656;DCS Market;R3;1;G2;2;Nao informado;816-455-8733;1;S16;C
2fe292ab68be789597238d7148f2dc48467a1105adc983398820cd361fd79b2a;10023513;Sagent Shop;R3;1;G2;2;Nao informado;816-455-8733;1;S16;C
859c4358ca26e998564023aa259223e1ed040bbbf6006e9c9073337124727d0f;10009356;Central Supermarket;R1;1;G2;2;Nao informado;816-455-8733;4;S11;C
26a30abfe3366a9b4d8f1ca5ea3e438a3f1ef45b34e8a1f4e90821268c5fe901;10010935;Edna Megaplace;R2;1;G2;2;Nao informado;816-455-8733;4;S5;C
31ec2f48a984759e4e167480f7137676280d6dfd7efa1a7634491536d11bcf17;10009652;Dci Shop;R1;1;G3;1;Nao informado;816-455-8733;0;S21;C
ff83b53a4e220ca1a5ffef793dd59da36b343e626ba87f916eb919529ddea82d;10025052;Target Gigstore;O2;1;G1;1;Nao informado;816-455-8733;5;S1;C
d2e94814f856e8d8a1bd3bb2a595f4c844972062b05aa40feac18149e0a2f36d;10020684;Oklahoma Supermarket;R3;1;G2;2;Nao informado;816-455-8733;2;S1;C
e508df077f9e8fcbcde9b984bfe302fb4ca0bcabc33d815c2404515e6eeb8b79;10021996;Pinnacle Supermarket;R3;1;G2;2;M1;816-455-8733;3;S16;C
3c3166766266f125bc5ddd99d5cb4b9094adb2a5d4284083e2c779ee6f91152f;10006093;BigJobs Shop;R3;1;G2;2;Nao informado;816-455-8733;4;S9;C
4da7362178a51e7ec63b04ba357ce1c8de928df4535d0b738c98d06eda74b838;10020446;NACSCORP Shop;R2;1;G2;2;Nao informado;816-455-8733;4;S5;C
e36a6e388d88ef34ff08f64d8586504626576195883104d6adca0c7214fa4a87;10023715;Diss Gigastore;R3;1;G2;2;M1;816-455-8733;4;S16;C
b163dce77ac134274ca66296e07738ca563ebb3cf5e1db5bf616139f845192ea;10020639;NECX Market;R2;1;G2;2;Nao informado;816-455-8733;2;S5;C
b704b4a6f79f4e4bb463bcef1ebb0298dc377e0a12b245da89713a998469b4b4;10022201;Quantum Shop;R3;1;G1;1;M1;816-455-8733;5;S16;C
387398e18edf39d2a15645663ec398095f2633969915aa2dc4935aa27f8ed6b3;10020914;Onetouch Supermarket;R3;1;G2;2;Nao informado;816-455-8733;2;S16;C
