id_filial;ds_filial
1;Filial - 000001
2;Filial - 000002
3;Filial - 000003
4;Filial - 000004
5;Filial - 000005
6;Filial - 000006
7;Filial - 000007
8;Filial - 000008
9;Filial - 000009
10;Filial - 000010
11;Filial - 000011
12;Filial - 000012
13;Filial - 000013
14;Filial - 000014
15;Filial - 000015
16;Filial - 000016
17;Filial - 000017
18;Filial - 000018
19;Filial - 000019
20;Filial - 000020
21;Filial - 000021
22;Filial - 000022
23;Filial - 000023
24;Filial - 000024
25;Filial - 000025
26;Filial - 000026
27;Filial - 000027
28;Filial - 000028
29;Filial - 000029
30;Filial - 000030
31;Filial - 000031
32;Filial - 000032
33;Filial - 000033
34;Filial - 000034
35;Filial - 000035
36;Filial - 000036
37;Filial - 000037
38;Filial - 000038
39;Filial - 000039
40;Filial - 000040
41;Filial - 000041
42;Filial - 000042
43;Filial - 000043
44;Filial - 000044
45;Filial - 000045
46;Filial - 000046
47;Filial - 000047
48;Filial - 000048
49;Filial - 000049
50;Filial - 000050
51;Filial - 000051
52;Filial - 000052
53;Filial - 000053
54;Filial - 000054
55;Filial - 000055
56;Filial - 000056
57;Filial - 000057
58;Filial - 000058
59;Filial - 000059
60;Filial - 000060
61;Filial - 000061
62;Filial - 000062
63;Filial - 000063
64;Filial - 000064
65;Filial - 000065
66;Filial - 000066
67;Filial - 000067
68;Filial - 000068
69;Filial - 000069
70;Filial - 000070
71;Filial - 000071
72;Filial - 000072
73;Filial - 000073
74;Filial - 000074
75;Filial - 000075
76;Filial - 000076
77;Filial - 000077
78;Filial - 000078
79;Filial - 000079
80;Filial - 000080
81;Filial - 000081
82;Filial - 000082
83;Filial - 000083
84;Filial - 000084
85;Filial - 000085
86;Filial - 000086
87;Filial - 000087
88;Filial - 000088
89;Filial - 000089
90;Filial - 000090
91;Filial - 000091
92;Filial - 000092
93;Filial - 000093
94;Filial - 000094
95;Filial - 000095
96;Filial - 000096
97;Filial - 000097
98;Filial - 000098
99;Filial - 000099
100;Filial - 000100
101;Filial - 000101
102;Filial - 000102
103;Filial - 000103
104;Filial - 000104
105;Filial - 000105
106;Filial - 000106
107;Filial - 000107
108;Filial - 000108
109;Filial - 000109
110;Filial - 000110
111;Filial - 000111
112;Filial - 000112
113;Filial - 000113
114;Filial - 000114
115;Filial - 000115
116;Filial - 000116
117;Filial - 000117
118;Filial - 000118
119;Filial - 000119
120;Filial - 000120
121;Filial - 000121
122;Filial - 000122
123;Filial - 000123
124;Filial - 000124
125;Filial - 000125
126;Filial - 000126
127;Filial - 000127
128;Filial - 000128
129;Filial - 000129
130;Filial - 000130
131;Filial - 000131
132;Filial - 000132
133;Filial - 000133
134;Filial - 000134
135;Filial - 000135
136;Filial - 000136
137;Filial - 000137
138;Filial - 000138
139;Filial - 000139
140;Filial - 000140
141;Filial - 000141
142;Filial - 000142
143;Filial - 000143
144;Filial - 000144
145;Filial - 000145
146;Filial - 000146
147;Filial - 000147
148;Filial - 000148
149;Filial - 000149
150;Filial - 000150
151;Filial - 000151
152;Filial - 000152
153;Filial - 000153
154;Filial - 000154
155;Filial - 000155
156;Filial - 000156
157;Filial - 000157
158;Filial - 000158
159;Filial - 000159
160;Filial - 000160
161;Filial - 000161
162;Filial - 000162
163;Filial - 000163
164;Filial - 000164
165;Filial - 000165
166;Filial - 000166
167;Filial - 000167
168;Filial - 000168
169;Filial - 000169
170;Filial - 000170
171;Filial - 000171
172;Filial - 000172
173;Filial - 000173
174;Filial - 000174
175;Filial - 000175
176;Filial - 000176
177;Filial - 000177
178;Filial - 000178
179;Filial - 000179
180;Filial - 000180
181;Filial - 000181
182;Filial - 000182
183;Filial - 000183
184;Filial - 000184
185;Filial - 000185
186;Filial - 000186
187;Filial - 000187
188;Filial - 000188
189;Filial - 000189
190;Filial - 000190
191;Filial - 000191
192;Filial - 000192
193;Filial - 000193
194;Filial - 000194
195;Filial - 000195
196;Filial - 000196
197;Filial - 000197
198;Filial - 000198
199;Filial - 000199
200;Filial - 000200
201;Filial - 000201
202;Filial - 000202
203;Filial - 000203
204;Filial - 000204
205;Filial - 000205
206;Filial - 000206
207;Filial - 000207
208;Filial - 000208
209;Filial - 000209
210;Filial - 000210
211;Filial - 000211
212;Filial - 000212
213;Filial - 000213
214;Filial - 000214
215;Filial - 000215
216;Filial - 000216
217;Filial - 000217
218;Filial - 000218
219;Filial - 000219
220;Filial - 000220
221;Filial - 000221
222;Filial - 000222
223;Filial - 000223
224;Filial - 000224
225;Filial - 000225
226;Filial - 000226
227;Filial - 000227
228;Filial - 000228
229;Filial - 000229
230;Filial - 000230
231;Filial - 000231
232;Filial - 000232
233;Filial - 000233
234;Filial - 000234
235;Filial - 000235
236;Filial - 000236
237;Filial - 000237
238;Filial - 000238
239;Filial - 000239
240;Filial - 000240
241;Filial - 000241
242;Filial - 000242
243;Filial - 000243
244;Filial - 000244
245;Filial - 000245
246;Filial - 000246
247;Filial - 000247
248;Filial - 000248
249;Filial - 000249
250;Filial - 000250
251;Filial - 000251
252;Filial - 000252
253;Filial - 000253
254;Filial - 000254
255;Filial - 000255
256;Filial - 000256
257;Filial - 000257
258;Filial - 000258
259;Filial - 000259
260;Filial - 000260
261;Filial - 000261
262;Filial - 000262
263;Filial - 000263
264;Filial - 000264
265;Filial - 000265
266;Filial - 000266
267;Filial - 000267
268;Filial - 000268
269;Filial - 000269
270;Filial - 000270
271;Filial - 000271
272;Filial - 000272
273;Filial - 000273
274;Filial - 000274
275;Filial - 000275
276;Filial - 000276
277;Filial - 000277
278;Filial - 000278
279;Filial - 000279
280;Filial - 000280
281;Filial - 000281
282;Filial - 000282
283;Filial - 000283
284;Filial - 000284
285;Filial - 000285
286;Filial - 000286
287;Filial - 000287
288;Filial - 000288
289;Filial - 000289
290;Filial - 000290
291;Filial - 000291
292;Filial - 000292
293;Filial - 000293
294;Filial - 000294
295;Filial - 000295
296;Filial - 000296
297;Filial - 000297
298;Filial - 000298
299;Filial - 000299
300;Filial - 000300
301;Filial - 000301
302;Filial - 000302
303;Filial - 000303
304;Filial - 000304
305;Filial - 000305
306;Filial - 000306
307;Filial - 000307
308;Filial - 000308
309;Filial - 000309
310;Filial - 000310
311;Filial - 000311
312;Filial - 000312
313;Filial - 000313
314;Filial - 000314
315;Filial - 000315
316;Filial - 000316
317;Filial - 000317
318;Filial - 000318
319;Filial - 000319
320;Filial - 000320
321;Filial - 000321
322;Filial - 000322
323;Filial - 000323
324;Filial - 000324
325;Filial - 000325
326;Filial - 000326
327;Filial - 000327
328;Filial - 000328
329;Filial - 000329
330;Filial - 000330
331;Filial - 000331
332;Filial - 000332
333;Filial - 000333
334;Filial - 000334
335;Filial - 000335
336;Filial - 000336
337;Filial - 000337
338;Filial - 000338
339;Filial - 000339
340;Filial - 000340
341;Filial - 000341
342;Filial - 000342
343;Filial - 000343
344;Filial - 000344
345;Filial - 000345
346;Filial - 000346
347;Filial - 000347
348;Filial - 000348
349;Filial - 000349
350;Filial - 000350
351;Filial - 000351
352;Filial - 000352
353;Filial - 000353
354;Filial - 000354
355;Filial - 000355
356;Filial - 000356
357;Filial - 000357
358;Filial - 000358
359;Filial - 000359
360;Filial - 000360
361;Filial - 000361
362;Filial - 000362
363;Filial - 000363
364;Filial - 000364
365;Filial - 000365
366;Filial - 000366
367;Filial - 000367
368;Filial - 000368
369;Filial - 000369
370;Filial - 000370
371;Filial - 000371
372;Filial - 000372
373;Filial - 000373
374;Filial - 000374
375;Filial - 000375
376;Filial - 000376
377;Filial - 000377
378;Filial - 000378
379;Filial - 000379
380;Filial - 000380
381;Filial - 000381
382;Filial - 000382
383;Filial - 000383
384;Filial - 000384
385;Filial - 000385
386;Filial - 000386
387;Filial - 000387
388;Filial - 000388
389;Filial - 000389
390;Filial - 000390
391;Filial - 000391
392;Filial - 000392
393;Filial - 000393
394;Filial - 000394
395;Filial - 000395
396;Filial - 000396
397;Filial - 000397
398;Filial - 000398
399;Filial - 000399
400;Filial - 000400
401;Filial - 000401
402;Filial - 000402
403;Filial - 000403
404;Filial - 000404
405;Filial - 000405
406;Filial - 000406
407;Filial - 000407
408;Filial - 000408
409;Filial - 000409
410;Filial - 000410
411;Filial - 000411
412;Filial - 000412
413;Filial - 000413
414;Filial - 000414
415;Filial - 000415
416;Filial - 000416
417;Filial - 000417
418;Filial - 000418
419;Filial - 000419
420;Filial - 000420
421;Filial - 000421
422;Filial - 000422
423;Filial - 000423
424;Filial - 000424
425;Filial - 000425
426;Filial - 000426
427;Filial - 000427
428;Filial - 000428
429;Filial - 000429
430;Filial - 000430
431;Filial - 000431
432;Filial - 000432
433;Filial - 000433
434;Filial - 000434
435;Filial - 000435
436;Filial - 000436
437;Filial - 000437
438;Filial - 000438
439;Filial - 000439
440;Filial - 000440
441;Filial - 000441
442;Filial - 000442
443;Filial - 000443
444;Filial - 000444
445;Filial - 000445
446;Filial - 000446
447;Filial - 000447
448;Filial - 000448
449;Filial - 000449
450;Filial - 000450
451;Filial - 000451
452;Filial - 000452
453;Filial - 000453
454;Filial - 000454
455;Filial - 000455
456;Filial - 000456
457;Filial - 000457
458;Filial - 000458
459;Filial - 000459
460;Filial - 000460
461;Filial - 000461
462;Filial - 000462
463;Filial - 000463
464;Filial - 000464
465;Filial - 000465
466;Filial - 000466
467;Filial - 000467
468;Filial - 000468
469;Filial - 000469
470;Filial - 000470
471;Filial - 000471
472;Filial - 000472
473;Filial - 000473
474;Filial - 000474
475;Filial - 000475
476;Filial - 000476
477;Filial - 000477
478;Filial - 000478
479;Filial - 000479
480;Filial - 000480
481;Filial - 000481
482;Filial - 000482
483;Filial - 000483
484;Filial - 000484
485;Filial - 000485
486;Filial - 000486
487;Filial - 000487
488;Filial - 000488
489;Filial - 000489
490;Filial - 000490
491;Filial - 000491
492;Filial - 000492
493;Filial - 000493
494;Filial - 000494
495;Filial - 000495
496;Filial - 000496
497;Filial - 000497
498;Filial - 000498
499;Filial - 000499
500;Filial - 000500
501;Filial - 000501
502;Filial - 000502
503;Filial - 000503
504;Filial - 000504
505;Filial - 000505
506;Filial - 000506
507;Filial - 000507
508;Filial - 000508
509;Filial - 000509
510;Filial - 000510
511;Filial - 000511
512;Filial - 000512
513;Filial - 000513
514;Filial - 000514
515;Filial - 000515
516;Filial - 000516
517;Filial - 000517
518;Filial - 000518
519;Filial - 000519
520;Filial - 000520
521;Filial - 000521
522;Filial - 000522
523;Filial - 000523
524;Filial - 000524
525;Filial - 000525
526;Filial - 000526
527;Filial - 000527
528;Filial - 000528
529;Filial - 000529
530;Filial - 000530
531;Filial - 000531
532;Filial - 000532
533;Filial - 000533
534;Filial - 000534
535;Filial - 000535
536;Filial - 000536
537;Filial - 000537
538;Filial - 000538
539;Filial - 000539
540;Filial - 000540
541;Filial - 000541
542;Filial - 000542
543;Filial - 000543
544;Filial - 000544
545;Filial - 000545
546;Filial - 000546
547;Filial - 000547
548;Filial - 000548
549;Filial - 000549
550;Filial - 000550
551;Filial - 000551
552;Filial - 000552
553;Filial - 000553
554;Filial - 000554
555;Filial - 000555
556;Filial - 000556
557;Filial - 000557
558;Filial - 000558
559;Filial - 000559
560;Filial - 000560
561;Filial - 000561
562;Filial - 000562
563;Filial - 000563
564;Filial - 000564
565;Filial - 000565
566;Filial - 000566
567;Filial - 000567
568;Filial - 000568
569;Filial - 000569
570;Filial - 000570
571;Filial - 000571
572;Filial - 000572
573;Filial - 000573
574;Filial - 000574
575;Filial - 000575
576;Filial - 000576
577;Filial - 000577
578;Filial - 000578
579;Filial - 000579
580;Filial - 000580
581;Filial - 000581
582;Filial - 000582
583;Filial - 000583
584;Filial - 000584
585;Filial - 000585
586;Filial - 000586
587;Filial - 000587
588;Filial - 000588
589;Filial - 000589
590;Filial - 000590
591;Filial - 000591
592;Filial - 000592
593;Filial - 000593
594;Filial - 000594
595;Filial - 000595
596;Filial - 000596
597;Filial - 000597
598;Filial - 000598
599;Filial - 000599
600;Filial - 000600
601;Filial - 000601
602;Filial - 000602
603;Filial - 000603
604;Filial - 000604
605;Filial - 000605
606;Filial - 000606
607;Filial - 000607
608;Filial - 000608
609;Filial - 000609
610;Filial - 000610
611;Filial - 000611
612;Filial - 000612
613;Filial - 000613
614;Filial - 000614
615;Filial - 000615
616;Filial - 000616
617;Filial - 000617
618;Filial - 000618
619;Filial - 000619
620;Filial - 000620
621;Filial - 000621
622;Filial - 000622
623;Filial - 000623
624;Filial - 000624
625;Filial - 000625
626;Filial - 000626
627;Filial - 000627
628;Filial - 000628
629;Filial - 000629
630;Filial - 000630
631;Filial - 000631
632;Filial - 000632
633;Filial - 000633
634;Filial - 000634
635;Filial - 000635
636;Filial - 000636
637;Filial - 000637
638;Filial - 000638
639;Filial - 000639
640;Filial - 000640
641;Filial - 000641
642;Filial - 000642
643;Filial - 000643
644;Filial - 000644
645;Filial - 000645
646;Filial - 000646
647;Filial - 000647
648;Filial - 000648
649;Filial - 000649
650;Filial - 000650
651;Filial - 000651
652;Filial - 000652
653;Filial - 000653
654;Filial - 000654
655;Filial - 000655
656;Filial - 000656
657;Filial - 000657
658;Filial - 000658
659;Filial - 000659
660;Filial - 000660
661;Filial - 000661
662;Filial - 000662
663;Filial - 000663
664;Filial - 000664
665;Filial - 000665
666;Filial - 000666
667;Filial - 000667
668;Filial - 000668
669;Filial - 000669
670;Filial - 000670
671;Filial - 000671
672;Filial - 000672
673;Filial - 000673
674;Filial - 000674
675;Filial - 000675
676;Filial - 000676
677;Filial - 000677
678;Filial - 000678
679;Filial - 000679
680;Filial - 000680
681;Filial - 000681
682;Filial - 000682
683;Filial - 000683
684;Filial - 000684
685;Filial - 000685
686;Filial - 000686
687;Filial - 000687
688;Filial - 000688
689;Filial - 000689
690;Filial - 000690
691;Filial - 000691
692;Filial - 000692
693;Filial - 000693
694;Filial - 000694
695;Filial - 000695
696;Filial - 000696
697;Filial - 000697
698;Filial - 000698
699;Filial - 000699
700;Filial - 000700
701;Filial - 000701
702;Filial - 000702
703;Filial - 000703
704;Filial - 000704
705;Filial - 000705
706;Filial - 000706
707;Filial - 000707
708;Filial - 000708
709;Filial - 000709
710;Filial - 000710
711;Filial - 000711
712;Filial - 000712
713;Filial - 000713
714;Filial - 000714
715;Filial - 000715
716;Filial - 000716
717;Filial - 000717
718;Filial - 000718
719;Filial - 000719
720;Filial - 000720
721;Filial - 000721
722;Filial - 000722
723;Filial - 000723
724;Filial - 000724
725;Filial - 000725
726;Filial - 000726
727;Filial - 000727
728;Filial - 000728
729;Filial - 000729
730;Filial - 000730
731;Filial - 000731
732;Filial - 000732
733;Filial - 000733
734;Filial - 000734
735;Filial - 000735
736;Filial - 000736
737;Filial - 000737
738;Filial - 000738
739;Filial - 000739
740;Filial - 000740
741;Filial - 000741
742;Filial - 000742
743;Filial - 000743
744;Filial - 000744
745;Filial - 000745
746;Filial - 000746
747;Filial - 000747
748;Filial - 000748
749;Filial - 000749
750;Filial - 000750
751;Filial - 000751
752;Filial - 000752
753;Filial - 000753
754;Filial - 000754
755;Filial - 000755
756;Filial - 000756
757;Filial - 000757
758;Filial - 000758
759;Filial - 000759
760;Filial - 000760
761;Filial - 000761
762;Filial - 000762
763;Filial - 000763
764;Filial - 000764
765;Filial - 000765
766;Filial - 000766
767;Filial - 000767
768;Filial - 000768
769;Filial - 000769
770;Filial - 000770
771;Filial - 000771
772;Filial - 000772
773;Filial - 000773
774;Filial - 000774
775;Filial - 000775
776;Filial - 000776
777;Filial - 000777
778;Filial - 000778
779;Filial - 000779
780;Filial - 000780
781;Filial - 000781
782;Filial - 000782
783;Filial - 000783
784;Filial - 000784
785;Filial - 000785
786;Filial - 000786
787;Filial - 000787
788;Filial - 000788
789;Filial - 000789
790;Filial - 000790
791;Filial - 000791
792;Filial - 000792
793;Filial - 000793
794;Filial - 000794
795;Filial - 000795
796;Filial - 000796
797;Filial - 000797
798;Filial - 000798
799;Filial - 000799
800;Filial - 000800
801;Filial - 000801
802;Filial - 000802
803;Filial - 000803
804;Filial - 000804
805;Filial - 000805
806;Filial - 000806
807;Filial - 000807
808;Filial - 000808
809;Filial - 000809
810;Filial - 000810
811;Filial - 000811
812;Filial - 000812
813;Filial - 000813
814;Filial - 000814
815;Filial - 000815
816;Filial - 000816
817;Filial - 000817
818;Filial - 000818
819;Filial - 000819
820;Filial - 000820
821;Filial - 000821
822;Filial - 000822
823;Filial - 000823
824;Filial - 000824
825;Filial - 000825
826;Filial - 000826
827;Filial - 000827
828;Filial - 000828
829;Filial - 000829
830;Filial - 000830
831;Filial - 000831
832;Filial - 000832
833;Filial - 000833
834;Filial - 000834
835;Filial - 000835
836;Filial - 000836
837;Filial - 000837
838;Filial - 000838
839;Filial - 000839
840;Filial - 000840
841;Filial - 000841
842;Filial - 000842
843;Filial - 000843
844;Filial - 000844
845;Filial - 000845
846;Filial - 000846
847;Filial - 000847
848;Filial - 000848
849;Filial - 000849
850;Filial - 000850
851;Filial - 000851
852;Filial - 000852
853;Filial - 000853
854;Filial - 000854
855;Filial - 000855
856;Filial - 000856
857;Filial - 000857
858;Filial - 000858
859;Filial - 000859
860;Filial - 000860
861;Filial - 000861
862;Filial - 000862
863;Filial - 000863
864;Filial - 000864
865;Filial - 000865
866;Filial - 000866
867;Filial - 000867
868;Filial - 000868
869;Filial - 000869
870;Filial - 000870
871;Filial - 000871
872;Filial - 000872
873;Filial - 000873
874;Filial - 000874
875;Filial - 000875
876;Filial - 000876
877;Filial - 000877
878;Filial - 000878
879;Filial - 000879
880;Filial - 000880
881;Filial - 000881
882;Filial - 000882
883;Filial - 000883
884;Filial - 000884
885;Filial - 000885
886;Filial - 000886
887;Filial - 000887
888;Filial - 000888
889;Filial - 000889
890;Filial - 000890
891;Filial - 000891
892;Filial - 000892
893;Filial - 000893
894;Filial - 000894
895;Filial - 000895
896;Filial - 000896
897;Filial - 000897
898;Filial - 000898
899;Filial - 000899
900;Filial - 000900
901;Filial - 000901
902;Filial - 000902
903;Filial - 000903
904;Filial - 000904
905;Filial - 000905
906;Filial - 000906
907;Filial - 000907
908;Filial - 000908
909;Filial - 000909
910;Filial - 000910
911;Filial - 000911
912;Filial - 000912
913;Filial - 000913
914;Filial - 000914
915;Filial - 000915
916;Filial - 000916
917;Filial - 000917
918;Filial - 000918
919;Filial - 000919
920;Filial - 000920
921;Filial - 000921
922;Filial - 000922
923;Filial - 000923
924;Filial - 000924
925;Filial - 000925
926;Filial - 000926
927;Filial - 000927
928;Filial - 000928
929;Filial - 000929
930;Filial - 000930
931;Filial - 000931
932;Filial - 000932
933;Filial - 000933
934;Filial - 000934
935;Filial - 000935
936;Filial - 000936
937;Filial - 000937
938;Filial - 000938
939;Filial - 000939
940;Filial - 000940
941;Filial - 000941
942;Filial - 000942
943;Filial - 000943
944;Filial - 000944
945;Filial - 000945
946;Filial - 000946
947;Filial - 000947
948;Filial - 000948
949;Filial - 000949
950;Filial - 000950
951;Filial - 000951
952;Filial - 000952
953;Filial - 000953
954;Filial - 000954
955;Filial - 000955
956;Filial - 000956
957;Filial - 000957
958;Filial - 000958
959;Filial - 000959
960;Filial - 000960
961;Filial - 000961
962;Filial - 000962
963;Filial - 000963
964;Filial - 000964
965;Filial - 000965
966;Filial - 000966
967;Filial - 000967
968;Filial - 000968
969;Filial - 000969
970;Filial - 000970
971;Filial - 000971
972;Filial - 000972
973;Filial - 000973
974;Filial - 000974
975;Filial - 000975
976;Filial - 000976
977;Filial - 000977
978;Filial - 000978
979;Filial - 000979
980;Filial - 000980
981;Filial - 000981
982;Filial - 000982
983;Filial - 000983
984;Filial - 000984
985;Filial - 000985
986;Filial - 000986
987;Filial - 000987
988;Filial - 000988
989;Filial - 000989
990;Filial - 000990
991;Filial - 000991
992;Filial - 000992
993;Filial - 000993
994;Filial - 000994
995;Filial - 000995
996;Filial - 000996
997;Filial - 000997
998;Filial - 000998
999;Filial - 000999
1000;Filial - 001000
1001;Filial - 001001
1002;Filial - 001002
1003;Filial - 001003
1004;Filial - 001004
1005;Filial - 001005
1006;Filial - 001006
1007;Filial - 001007
1008;Filial - 001008
1009;Filial - 001009
1010;Filial - 001010
1011;Filial - 001011
1012;Filial - 001012
1013;Filial - 001013
1014;Filial - 001014
1015;Filial - 001015
1016;Filial - 001016
1017;Filial - 001017
1018;Filial - 001018
1019;Filial - 001019
1020;Filial - 001020
1021;Filial - 001021
1022;Filial - 001022
1023;Filial - 001023
1024;Filial - 001024
1025;Filial - 001025
1026;Filial - 001026
1027;Filial - 001027
1028;Filial - 001028
1029;Filial - 001029
1030;Filial - 001030
1031;Filial - 001031
1032;Filial - 001032
1033;Filial - 001033
1034;Filial - 001034
1035;Filial - 001035
1036;Filial - 001036
1037;Filial - 001037
1038;Filial - 001038
1039;Filial - 001039
1040;Filial - 001040
1041;Filial - 001041
1042;Filial - 001042
1043;Filial - 001043
1044;Filial - 001044
1045;Filial - 001045
1046;Filial - 001046
1047;Filial - 001047
1048;Filial - 001048
1049;Filial - 001049
1050;Filial - 001050
1051;Filial - 001051
1052;Filial - 001052
1053;Filial - 001053
1054;Filial - 001054
1055;Filial - 001055
1056;Filial - 001056
1057;Filial - 001057
1058;Filial - 001058
1059;Filial - 001059
1060;Filial - 001060
1061;Filial - 001061
1062;Filial - 001062
1063;Filial - 001063
1064;Filial - 001064
1065;Filial - 001065
1066;Filial - 001066
1067;Filial - 001067
1068;Filial - 001068
1069;Filial - 001069
1070;Filial - 001070
1071;Filial - 001071
1072;Filial - 001072
1073;Filial - 001073
1074;Filial - 001074
1075;Filial - 001075
1076;Filial - 001076
1077;Filial - 001077
1078;Filial - 001078
1079;Filial - 001079
1080;Filial - 001080
1081;Filial - 001081
1082;Filial - 001082
1083;Filial - 001083
1084;Filial - 001084
1085;Filial - 001085
1086;Filial - 001086
1087;Filial - 001087
1088;Filial - 001088
1089;Filial - 001089
1090;Filial - 001090
1091;Filial - 001091
1092;Filial - 001092
1093;Filial - 001093
1094;Filial - 001094
1095;Filial - 001095
1096;Filial - 001096
1097;Filial - 001097
1098;Filial - 001098
1099;Filial - 001099
1100;Filial - 001100
1101;Filial - 001101
1102;Filial - 001102
1103;Filial - 001103
1104;Filial - 001104
1105;Filial - 001105
1106;Filial - 001106
1107;Filial - 001107
1108;Filial - 001108
1109;Filial - 001109
1110;Filial - 001110
1111;Filial - 001111
1112;Filial - 001112
1113;Filial - 001113
1114;Filial - 001114
1115;Filial - 001115
1116;Filial - 001116
1117;Filial - 001117
1118;Filial - 001118
1119;Filial - 001119
1120;Filial - 001120
1121;Filial - 001121
1122;Filial - 001122
1123;Filial - 001123
1124;Filial - 001124
1125;Filial - 001125
1126;Filial - 001126
1127;Filial - 001127
1128;Filial - 001128
1129;Filial - 001129
1130;Filial - 001130
1131;Filial - 001131
1132;Filial - 001132
1133;Filial - 001133
1134;Filial - 001134
1135;Filial - 001135
1136;Filial - 001136
1137;Filial - 001137
1138;Filial - 001138
1139;Filial - 001139
1140;Filial - 001140
1141;Filial - 001141
1142;Filial - 001142
1143;Filial - 001143
1144;Filial - 001144
1145;Filial - 001145
1146;Filial - 001146
1147;Filial - 001147
1148;Filial - 001148
1149;Filial - 001149
1150;Filial - 001150
1151;Filial - 001151
1152;Filial - 001152
1153;Filial - 001153
1154;Filial - 001154
1155;Filial - 001155
1156;Filial - 001156
1157;Filial - 001157
1158;Filial - 001158
1159;Filial - 001159
1160;Filial - 001160
1161;Filial - 001161
1162;Filial - 001162
1163;Filial - 001163
1164;Filial - 001164
1165;Filial - 001165
1166;Filial - 001166
1167;Filial - 001167
1168;Filial - 001168
1169;Filial - 001169
1170;Filial - 001170
1171;Filial - 001171
1172;Filial - 001172
1173;Filial - 001173
1174;Filial - 001174
1175;Filial - 001175
1176;Filial - 001176
1177;Filial - 001177
1178;Filial - 001178
1179;Filial - 001179
1180;Filial - 001180
1181;Filial - 001181
1182;Filial - 001182
1183;Filial - 001183
1184;Filial - 001184
1185;Filial - 001185
1186;Filial - 001186
1187;Filial - 001187
1188;Filial - 001188
1189;Filial - 001189
1190;Filial - 001190
1191;Filial - 001191
1192;Filial - 001192
1193;Filial - 001193
1194;Filial - 001194
1195;Filial - 001195
1196;Filial - 001196
1197;Filial - 001197
1198;Filial - 001198
1199;Filial - 001199
1200;Filial - 001200
1201;Filial - 001201
1202;Filial - 001202
1203;Filial - 001203
1204;Filial - 001204
1205;Filial - 001205
1206;Filial - 001206
1207;Filial - 001207
1208;Filial - 001208
1209;Filial - 001209
1210;Filial - 001210
1211;Filial - 001211
1212;Filial - 001212
1213;Filial - 001213
1214;Filial - 001214
1215;Filial - 001215
1216;Filial - 001216
1217;Filial - 001217
1218;Filial - 001218
1219;Filial - 001219
1220;Filial - 001220
1221;Filial - 001221
1222;Filial - 001222
1223;Filial - 001223
1224;Filial - 001224
1225;Filial - 001225
1226;Filial - 001226
1227;Filial - 001227
1228;Filial - 001228
1229;Filial - 001229
1230;Filial - 001230
1231;Filial - 001231
1232;Filial - 001232
1233;Filial - 001233
1234;Filial - 001234
1235;Filial - 001235
1236;Filial - 001236
1237;Filial - 001237
1238;Filial - 001238
1239;Filial - 001239
1240;Filial - 001240
1241;Filial - 001241
1242;Filial - 001242
1243;Filial - 001243
1244;Filial - 001244
1245;Filial - 001245
1246;Filial - 001246
1247;Filial - 001247
1248;Filial - 001248
1249;Filial - 001249
1250;Filial - 001250
1251;Filial - 001251
1252;Filial - 001252
1253;Filial - 001253
1254;Filial - 001254
1255;Filial - 001255
1256;Filial - 001256
1257;Filial - 001257
1258;Filial - 001258
1259;Filial - 001259
1260;Filial - 001260
1261;Filial - 001261
1262;Filial - 001262
1263;Filial - 001263
1264;Filial - 001264
1265;Filial - 001265
1266;Filial - 001266
1267;Filial - 001267
1268;Filial - 001268
1269;Filial - 001269
1270;Filial - 001270
1271;Filial - 001271
1272;Filial - 001272
1273;Filial - 001273
1274;Filial - 001274
1275;Filial - 001275
1276;Filial - 001276
1277;Filial - 001277
1278;Filial - 001278
1279;Filial - 001279
1280;Filial - 001280
1281;Filial - 001281
1282;Filial - 001282
1283;Filial - 001283
1284;Filial - 001284
1285;Filial - 001285
1286;Filial - 001286
1287;Filial - 001287
1288;Filial - 001288
1289;Filial - 001289
1290;Filial - 001290
1291;Filial - 001291
1292;Filial - 001292
1293;Filial - 001293
1294;Filial - 001294
1295;Filial - 001295
1296;Filial - 001296
1297;Filial - 001297
1298;Filial - 001298
1299;Filial - 001299
1300;Filial - 001300
1301;Filial - 001301
1302;Filial - 001302
1303;Filial - 001303
1304;Filial - 001304
1305;Filial - 001305
1306;Filial - 001306
1307;Filial - 001307
1308;Filial - 001308
1309;Filial - 001309
1310;Filial - 001310
1311;Filial - 001311
1312;Filial - 001312
1313;Filial - 001313
1314;Filial - 001314
1315;Filial - 001315
1316;Filial - 001316
1317;Filial - 001317
1318;Filial - 001318
1319;Filial - 001319
1320;Filial - 001320
1321;Filial - 001321
1322;Filial - 001322
1323;Filial - 001323
1324;Filial - 001324
1325;Filial - 001325
1326;Filial - 001326
1327;Filial - 001327
1328;Filial - 001328
1329;Filial - 001329
1330;Filial - 001330
1331;Filial - 001331
1332;Filial - 001332
1333;Filial - 001333
1334;Filial - 001334
1335;Filial - 001335
1336;Filial - 001336
1337;Filial - 001337
1338;Filial - 001338
1339;Filial - 001339
1340;Filial - 001340
1341;Filial - 001341
1342;Filial - 001342
1343;Filial - 001343
1344;Filial - 001344
1345;Filial - 001345
1346;Filial - 001346
1347;Filial - 001347
1348;Filial - 001348
1349;Filial - 001349
1350;Filial - 001350
1351;Filial - 001351
1352;Filial - 001352
1353;Filial - 001353
1354;Filial - 001354
1355;Filial - 001355
1356;Filial - 001356
1357;Filial - 001357
1358;Filial - 001358
1359;Filial - 001359
1360;Filial - 001360
1361;Filial - 001361
1362;Filial - 001362
1363;Filial - 001363
1364;Filial - 001364
1365;Filial - 001365
1366;Filial - 001366
1367;Filial - 001367
1368;Filial - 001368
1369;Filial - 001369
1370;Filial - 001370
1371;Filial - 001371
1372;Filial - 001372
1373;Filial - 001373
1374;Filial - 001374
1375;Filial - 001375
1376;Filial - 001376
1377;Filial - 001377
1378;Filial - 001378
1379;Filial - 001379
1380;Filial - 001380
1381;Filial - 001381
1382;Filial - 001382
1383;Filial - 001383
1384;Filial - 001384
1385;Filial - 001385
1386;Filial - 001386
1387;Filial - 001387
1388;Filial - 001388
1389;Filial - 001389
1390;Filial - 001390
1391;Filial - 001391
1392;Filial - 001392
1393;Filial - 001393
1394;Filial - 001394
1395;Filial - 001395
1396;Filial - 001396
1397;Filial - 001397
1398;Filial - 001398
1399;Filial - 001399
1400;Filial - 001400
1401;Filial - 001401
1402;Filial - 001402
1403;Filial - 001403
1404;Filial - 001404
1405;Filial - 001405
1406;Filial - 001406
1407;Filial - 001407
1408;Filial - 001408
1409;Filial - 001409
1410;Filial - 001410
1411;Filial - 001411
1412;Filial - 001412
1413;Filial - 001413
1414;Filial - 001414
1415;Filial - 001415
1416;Filial - 001416
1417;Filial - 001417
1418;Filial - 001418
1419;Filial - 001419
1420;Filial - 001420
1421;Filial - 001421
1422;Filial - 001422
1423;Filial - 001423
1424;Filial - 001424
1425;Filial - 001425
1426;Filial - 001426
1427;Filial - 001427
1428;Filial - 001428
1429;Filial - 001429
1430;Filial - 001430
1431;Filial - 001431
1432;Filial - 001432
1433;Filial - 001433
1434;Filial - 001434
1435;Filial - 001435
1436;Filial - 001436
1437;Filial - 001437
1438;Filial - 001438
1439;Filial - 001439
1440;Filial - 001440
1441;Filial - 001441
1442;Filial - 001442
1443;Filial - 001443
1444;Filial - 001444
1445;Filial - 001445
1446;Filial - 001446
1447;Filial - 001447
1448;Filial - 001448
1449;Filial - 001449
1450;Filial - 001450
1451;Filial - 001451
1452;Filial - 001452
1453;Filial - 001453
1454;Filial - 001454
1455;Filial - 001455
1456;Filial - 001456
1457;Filial - 001457
1458;Filial - 001458
1459;Filial - 001459
1460;Filial - 001460
1461;Filial - 001461
1462;Filial - 001462
1463;Filial - 001463
1464;Filial - 001464
1465;Filial - 001465
1466;Filial - 001466
1467;Filial - 001467
1468;Filial - 001468
1469;Filial - 001469
1470;Filial - 001470
1471;Filial - 001471
1472;Filial - 001472
1473;Filial - 001473
1474;Filial - 001474
1475;Filial - 001475
1476;Filial - 001476
1477;Filial - 001477
1478;Filial - 001478
1479;Filial - 001479
1480;Filial - 001480
1481;Filial - 001481
1482;Filial - 001482
1483;Filial - 001483
1484;Filial - 001484
1485;Filial - 001485
1486;Filial - 001486
1487;Filial - 001487
1488;Filial - 001488
1489;Filial - 001489
1490;Filial - 001490
1491;Filial - 001491
1492;Filial - 001492
1493;Filial - 001493
1494;Filial - 001494
1495;Filial - 001495
1496;Filial - 001496
1497;Filial - 001497
1498;Filial - 001498
1499;Filial - 001499
1500;Filial - 001500
1501;Filial - 001501
1502;Filial - 001502
1503;Filial - 001503
1504;Filial - 001504
1505;Filial - 001505
1506;Filial - 001506
1507;Filial - 001507
1508;Filial - 001508
1509;Filial - 001509
1510;Filial - 001510
1511;Filial - 001511
1512;Filial - 001512
1513;Filial - 001513
1514;Filial - 001514
1515;Filial - 001515
1516;Filial - 001516
1517;Filial - 001517
1518;Filial - 001518
1519;Filial - 001519
1520;Filial - 001520
1521;Filial - 001521
1522;Filial - 001522
1523;Filial - 001523
1524;Filial - 001524
1525;Filial - 001525
1526;Filial - 001526
1527;Filial - 001527
1528;Filial - 001528
1529;Filial - 001529
1530;Filial - 001530
1531;Filial - 001531
1532;Filial - 001532
1533;Filial - 001533
1534;Filial - 001534
1535;Filial - 001535
1536;Filial - 001536
1537;Filial - 001537
1538;Filial - 001538
1539;Filial - 001539
1540;Filial - 001540
1541;Filial - 001541
1542;Filial - 001542
1543;Filial - 001543
1544;Filial - 001544
1545;Filial - 001545
1546;Filial - 001546
1547;Filial - 001547
1548;Filial - 001548
1549;Filial - 001549
1550;Filial - 001550
1551;Filial - 001551
1552;Filial - 001552
1553;Filial - 001553
1554;Filial - 001554
1555;Filial - 001555
1556;Filial - 001556
1557;Filial - 001557
1558;Filial - 001558
1559;Filial - 001559
1560;Filial - 001560
1561;Filial - 001561
1562;Filial - 001562
1563;Filial - 001563
1564;Filial - 001564
1565;Filial - 001565
1566;Filial - 001566
1567;Filial - 001567
1568;Filial - 001568
1569;Filial - 001569
1570;Filial - 001570
1571;Filial - 001571
1572;Filial - 001572
1573;Filial - 001573
1574;Filial - 001574
1575;Filial - 001575
1576;Filial - 001576
1577;Filial - 001577
1578;Filial - 001578
1579;Filial - 001579
1580;Filial - 001580
1581;Filial - 001581
1582;Filial - 001582
1583;Filial - 001583
1584;Filial - 001584
1585;Filial - 001585
1586;Filial - 001586
1587;Filial - 001587
1588;Filial - 001588
1589;Filial - 001589
1590;Filial - 001590
1591;Filial - 001591
1592;Filial - 001592
1593;Filial - 001593
1594;Filial - 001594
1595;Filial - 001595
1596;Filial - 001596
1597;Filial - 001597
1598;Filial - 001598
1599;Filial - 001599
1600;Filial - 001600
1601;Filial - 001601
1602;Filial - 001602
1603;Filial - 001603
1604;Filial - 001604
1605;Filial - 001605
1606;Filial - 001606
1607;Filial - 001607
1608;Filial - 001608
1609;Filial - 001609
1610;Filial - 001610
1611;Filial - 001611
1612;Filial - 001612
1613;Filial - 001613
1614;Filial - 001614
1615;Filial - 001615
1616;Filial - 001616
1617;Filial - 001617
1618;Filial - 001618
1619;Filial - 001619
1620;Filial - 001620
1621;Filial - 001621
1622;Filial - 001622
1623;Filial - 001623
1624;Filial - 001624
1625;Filial - 001625
1626;Filial - 001626
1627;Filial - 001627
1628;Filial - 001628
1629;Filial - 001629
1630;Filial - 001630
1631;Filial - 001631
1632;Filial - 001632
1633;Filial - 001633
1634;Filial - 001634
1635;Filial - 001635
1636;Filial - 001636
1637;Filial - 001637
1638;Filial - 001638
1639;Filial - 001639
1640;Filial - 001640
1641;Filial - 001641
1642;Filial - 001642
1643;Filial - 001643
1644;Filial - 001644
1645;Filial - 001645
1646;Filial - 001646
1647;Filial - 001647
1648;Filial - 001648
1649;Filial - 001649
1650;Filial - 001650
1651;Filial - 001651
1652;Filial - 001652
1653;Filial - 001653
1654;Filial - 001654
1655;Filial - 001655
1656;Filial - 001656
1657;Filial - 001657
1658;Filial - 001658
1659;Filial - 001659
1660;Filial - 001660
1661;Filial - 001661
1662;Filial - 001662
1663;Filial - 001663
1664;Filial - 001664
1665;Filial - 001665
1666;Filial - 001666
1667;Filial - 001667
1668;Filial - 001668
1669;Filial - 001669
1670;Filial - 001670
1671;Filial - 001671
1672;Filial - 001672
1673;Filial - 001673
1674;Filial - 001674
1675;Filial - 001675
1676;Filial - 001676
1677;Filial - 001677
1678;Filial - 001678
1679;Filial - 001679
1680;Filial - 001680
1681;Filial - 001681
1682;Filial - 001682
1683;Filial - 001683
1684;Filial - 001684
1685;Filial - 001685
1686;Filial - 001686
1687;Filial - 001687
1688;Filial - 001688
1689;Filial - 001689
1690;Filial - 001690
1691;Filial - 001691
1692;Filial - 001692
1693;Filial - 001693
1694;Filial - 001694
1695;Filial - 001695
1696;Filial - 001696
1697;Filial - 001697
1698;Filial - 001698
1699;Filial - 001699
1700;Filial - 001700
1701;Filial - 001701
1702;Filial - 001702
1703;Filial - 001703
1704;Filial - 001704
1705;Filial - 001705
1706;Filial - 001706
1707;Filial - 001707
1708;Filial - 001708
1709;Filial - 001709
1710;Filial - 001710
1711;Filial - 001711
1712;Filial - 001712
1713;Filial - 001713
1714;Filial - 001714
1715;Filial - 001715
1716;Filial - 001716
1717;Filial - 001717
1718;Filial - 001718
1719;Filial - 001719
1720;Filial - 001720
1721;Filial - 001721
1722;Filial - 001722
1723;Filial - 001723
1724;Filial - 001724
1725;Filial - 001725
1726;Filial - 001726
1727;Filial - 001727
1728;Filial - 001728
1729;Filial - 001729
1730;Filial - 001730
1731;Filial - 001731
1732;Filial - 001732
1733;Filial - 001733
1734;Filial - 001734
1735;Filial - 001735
1736;Filial - 001736
1737;Filial - 001737
1738;Filial - 001738
